Player Name,19.0,20.0,21.0,22.0,23.0,24.0,25.0,26.0,27.0,28.0,29.0,30.0,31.0,32.0,33.0,34.0,35.0,36.0,37.0,38.0,39.0,40.0,41.0,42.0,Career
A.J. Green,0.0,0.0,0.0,0.0,0.6833333333333332,0.0,0.0,0.0,0.0,0.0,0.0,0.0,0.0,0.0,0.0,0.0,0.0,0.0,0.0,0.0,0.0,0.0,0.0,0.0,0.6833333333333332
A.J. Lawson,0.0,0.0,0.0,0.0,0.0,0.0,0.0,0.0,0.0,0.0,0.0,0.0,0.0,0.0,0.0,0.0,0.0,0.0,0.0,0.0,0.0,0.0,0.0,0.0,0.0
AJ Griffin,2.733333333333333,0.0,0.0,0.0,0.0,0.0,0.0,0.0,0.0,0.0,0.0,0.0,0.0,0.0,0.0,0.0,0.0,0.0,0.0,0.0,0.0,0.0,0.0,0.0,2.733333333333333
Aaron Gordon,1.0,5.4,3.7,2.9,5.1,3.7,1.9,5.2,7.288888888888889,0.0,0.0,0.0,0.0,0.0,0.0,0.0,0.0,0.0,0.0,0.0,0.0,0.0,0.0,0.0,36.18888888888889
Aaron Holiday,0.0,0.0,0.0,0.9,2.1,0.2,1.5,1.5944444444444443,0.0,0.0,0.0,0.0,0.0,0.0,0.0,0.0,0.0,0.0,0.0,0.0,0.0,0.0,0.0,0.0,6.294444444444444
Aaron Nesmith,0.0,0.0,1.1,0.4,1.8222222222222222,0.0,0.0,0.0,0.0,0.0,0.0,0.0,0.0,0.0,0.0,0.0,0.0,0.0,0.0,0.0,0.0,0.0,0.0,0.0,3.322222222222222
Aaron Wiggins,0.0,0.0,0.0,0.0,1.2,2.05,0.0,0.0,0.0,0.0,0.0,0.0,0.0,0.0,0.0,0.0,0.0,0.0,0.0,0.0,0.0,0.0,0.0,0.0,3.25
Admiral Schofield,0.0,0.0,0.0,0.1,0.0,0.3,1.8222222222222222,0.0,0.0,0.0,0.0,0.0,0.0,0.0,0.0,0.0,0.0,0.0,0.0,0.0,0.0,0.0,0.0,0.0,2.2222222222222223
Al Horford,0.0,0.0,5.5,6.8,10.9,10.1,1.3,8.8,2.8,8.7,9.4,6.3,7.8,7.5,5.4,1.6,7.6,5.466666666666666,0.0,0.0,0.0,0.0,0.0,0.0,105.96666666666667
Alec Burks,0.0,1.5,1.0,3.2,1.7,1.5,0.8,1.9,1.5,3.7,3.3,6.1,2.2777777777777777,0.0,0.0,0.0,0.0,0.0,0.0,0.0,0.0,0.0,0.0,0.0,28.47777777777778
Aleksej Pokusevski,-1.9,0.4,2.2777777777777777,0.0,0.0,0.0,0.0,0.0,0.0,0.0,0.0,0.0,0.0,0.0,0.0,0.0,0.0,0.0,0.0,0.0,0.0,0.0,0.0,0.0,0.7777777777777777
Alex Caruso,0.0,0.0,0.0,0.0,0.5,1.0,2.3,2.4,2.0,3.1888888888888887,0.0,0.0,0.0,0.0,0.0,0.0,0.0,0.0,0.0,0.0,0.0,0.0,0.0,0.0,11.388888888888888
Alex Len,0.0,0.2,3.4,1.3,3.0,4.5,3.2,2.5,2.7,0.9,0.22777777777777777,0.0,0.0,0.0,0.0,0.0,0.0,0.0,0.0,0.0,0.0,0.0,0.0,0.0,21.927777777777777
Alize Johnson,0.0,0.0,0.0,0.0,0.3,0.9,0.1,-0.22777777777777777,0.0,0.0,0.0,0.0,0.0,0.0,0.0,0.0,0.0,0.0,0.0,0.0,0.0,0.0,0.0,0.0,1.0722222222222222
Alondes Williams,0.0,0.0,0.0,0.0,-0.22777777777777777,0.0,0.0,0.0,0.0,0.0,0.0,0.0,0.0,0.0,0.0,0.0,0.0,0.0,0.0,0.0,0.0,0.0,0.0,0.0,-0.22777777777777777
Alperen Şengün,2.1,5.9222222222222225,0.0,0.0,0.0,0.0,0.0,0.0,0.0,0.0,0.0,0.0,0.0,0.0,0.0,0.0,0.0,0.0,0.0,0.0,0.0,0.0,0.0,0.0,8.022222222222222
Amir Coffey,0.0,0.0,0.0,0.1,0.7,3.8,1.3666666666666665,0.0,0.0,0.0,0.0,0.0,0.0,0.0,0.0,0.0,0.0,0.0,0.0,0.0,0.0,0.0,0.0,0.0,5.966666666666666
Andre Drummond,4.5,9.9,7.7,7.4,6.7,10.3,10.0,4.2,2.0,5.1,2.2777777777777777,0.0,0.0,0.0,0.0,0.0,0.0,0.0,0.0,0.0,0.0,0.0,0.0,0.0,70.07777777777777
Andrew Nembhard,0.0,0.0,0.0,0.0,2.2777777777777777,0.0,0.0,0.0,0.0,0.0,0.0,0.0,0.0,0.0,0.0,0.0,0.0,0.0,0.0,0.0,0.0,0.0,0.0,0.0,2.2777777777777777
Andrew Wiggins,2.1,4.1,4.2,2.1,0.6,1.9,3.9,5.1,4.3277777777777775,0.0,0.0,0.0,0.0,0.0,0.0,0.0,0.0,0.0,0.0,0.0,0.0,0.0,0.0,0.0,28.327777777777776
Anfernee Simons,0.1,0.2,1.8,1.9,5.011111111111111,0.0,0.0,0.0,0.0,0.0,0.0,0.0,0.0,0.0,0.0,0.0,0.0,0.0,0.0,0.0,0.0,0.0,0.0,0.0,9.011111111111111
Anthony Davis,6.1,10.4,14.0,7.2,11.0,13.7,9.5,11.1,3.7,4.5,11.161111111111111,0.0,0.0,0.0,0.0,0.0,0.0,0.0,0.0,0.0,0.0,0.0,0.0,0.0,102.36111111111111
Anthony Edwards,0.8,4.3,4.3277777777777775,0.0,0.0,0.0,0.0,0.0,0.0,0.0,0.0,0.0,0.0,0.0,0.0,0.0,0.0,0.0,0.0,0.0,0.0,0.0,0.0,0.0,9.427777777777777
Anthony Gill,0.0,0.0,0.0,0.0,0.0,0.0,0.0,0.0,0.0,0.6,1.4,1.3666666666666665,0.0,0.0,0.0,0.0,0.0,0.0,0.0,0.0,0.0,0.0,0.0,0.0,3.3666666666666663
Anthony Lamb,0.0,0.0,0.0,0.0,0.2,0.0,1.8222222222222222,0.0,0.0,0.0,0.0,0.0,0.0,0.0,0.0,0.0,0.0,0.0,0.0,0.0,0.0,0.0,0.0,0.0,2.022222222222222
Austin Reaves,0.0,0.0,0.0,0.0,2.9,5.011111111111111,0.0,0.0,0.0,0.0,0.0,0.0,0.0,0.0,0.0,0.0,0.0,0.0,0.0,0.0,0.0,0.0,0.0,0.0,7.911111111111111
Austin Rivers,0.0,-1.1,0.6,1.5,1.9,2.5,2.4,1.2,2.4,1.3,1.2,1.5944444444444443,0.0,0.0,0.0,0.0,0.0,0.0,0.0,0.0,0.0,0.0,0.0,0.0,15.494444444444445
Ayo Dosunmu,0.0,0.0,0.0,3.0,2.5055555555555555,0.0,0.0,0.0,0.0,0.0,0.0,0.0,0.0,0.0,0.0,0.0,0.0,0.0,0.0,0.0,0.0,0.0,0.0,0.0,5.5055555555555555
Bam Adebayo,0.0,4.2,6.8,8.5,8.8,7.2,5.694444444444445,0.0,0.0,0.0,0.0,0.0,0.0,0.0,0.0,0.0,0.0,0.0,0.0,0.0,0.0,0.0,0.0,0.0,41.19444444444444
Ben Simmons,0.0,0.0,9.2,8.2,6.9,6.0,0.0,4.3277777777777775,0.0,0.0,0.0,0.0,0.0,0.0,0.0,0.0,0.0,0.0,0.0,0.0,0.0,0.0,0.0,0.0,34.62777777777777
Bennedict Mathurin,0.0,2.05,0.0,0.0,0.0,0.0,0.0,0.0,0.0,0.0,0.0,0.0,0.0,0.0,0.0,0.0,0.0,0.0,0.0,0.0,0.0,0.0,0.0,0.0,2.05
Bismack Biyombo,0.6,1.4,3.2,4.0,5.9,2.9,2.9,2.0,2.4,2.3,1.8,1.1388888888888888,0.0,0.0,0.0,0.0,0.0,0.0,0.0,0.0,0.0,0.0,0.0,0.0,30.538888888888888
Blake Griffin,0.0,0.0,9.8,9.2,10.6,12.2,9.0,3.8,7.7,4.9,8.0,-0.1,2.0,2.1,1.5944444444444443,0.0,0.0,0.0,0.0,0.0,0.0,0.0,0.0,0.0,80.79444444444445
Blake Wesley,0.22777777777777777,0.0,0.0,0.0,0.0,0.0,0.0,0.0,0.0,0.0,0.0,0.0,0.0,0.0,0.0,0.0,0.0,0.0,0.0,0.0,0.0,0.0,0.0,0.0,0.22777777777777777
Boban Marjanović,0.0,0.0,0.0,0.0,0.0,0.0,0.0,0.0,3.4,1.7,1.5,3.0,1.8,1.0,0.1,0.22777777777777777,0.0,0.0,0.0,0.0,0.0,0.0,0.0,0.0,12.727777777777778
Bobby Portis,0.0,1.5,2.4,3.5,1.6,1.9,4.8,5.5,5.694444444444445,0.0,0.0,0.0,0.0,0.0,0.0,0.0,0.0,0.0,0.0,0.0,0.0,0.0,0.0,0.0,26.894444444444446
Bogdan Bogdanović,0.0,0.0,0.0,0.0,0.0,0.0,2.9,2.7,3.1,3.9,3.7,0.9111111111111111,0.0,0.0,0.0,0.0,0.0,0.0,0.0,0.0,0.0,0.0,0.0,0.0,17.211111111111112
Bojan Bogdanović,0.0,0.0,0.0,0.0,0.0,0.0,2.4,0.9,2.9,5.4,6.8,4.2,5.2,5.2,4.783333333333333,0.0,0.0,0.0,0.0,0.0,0.0,0.0,0.0,0.0,37.78333333333333
Bol Bol,0.0,0.1,0.0,0.1,4.783333333333333,0.0,0.0,0.0,0.0,0.0,0.0,0.0,0.0,0.0,0.0,0.0,0.0,0.0,0.0,0.0,0.0,0.0,0.0,0.0,4.983333333333333
Bones Hyland,0.0,0.0,2.4,0.9111111111111111,0.0,0.0,0.0,0.0,0.0,0.0,0.0,0.0,0.0,0.0,0.0,0.0,0.0,0.0,0.0,0.0,0.0,0.0,0.0,0.0,3.311111111111111
Bradley Beal,3.0,4.0,3.7,2.7,8.5,6.9,7.6,5.1,5.9,1.4,4.783333333333333,0.0,0.0,0.0,0.0,0.0,0.0,0.0,0.0,0.0,0.0,0.0,0.0,0.0,53.58333333333333
Brandon Boston Jr.,0.0,0.4,0.22777777777777777,0.0,0.0,0.0,0.0,0.0,0.0,0.0,0.0,0.0,0.0,0.0,0.0,0.0,0.0,0.0,0.0,0.0,0.0,0.0,0.0,0.0,0.6277777777777778
Brandon Clarke,0.0,0.0,0.0,0.0,5.0,4.2,6.3,5.694444444444445,0.0,0.0,0.0,0.0,0.0,0.0,0.0,0.0,0.0,0.0,0.0,0.0,0.0,0.0,0.0,0.0,21.194444444444443
Brandon Ingram,-0.3,2.8,2.0,5.1,5.3,3.9,2.9611111111111112,0.0,0.0,0.0,0.0,0.0,0.0,0.0,0.0,0.0,0.0,0.0,0.0,0.0,0.0,0.0,0.0,0.0,21.76111111111111
Braxton Key,0.0,0.0,0.0,0.0,0.0,0.2,0.0,0.0,0.0,0.0,0.0,0.0,0.0,0.0,0.0,0.0,0.0,0.0,0.0,0.0,0.0,0.0,0.0,0.0,0.2
Brook Lopez,0.0,5.8,7.9,6.3,0.3,9.0,2.3,7.0,6.2,4.9,3.8,6.7,5.5,5.3,0.7,7.288888888888889,0.0,0.0,0.0,0.0,0.0,0.0,0.0,0.0,78.9888888888889
Bruce Brown,0.0,0.0,0.0,1.5,2.1,4.4,4.8,4.3277777777777775,0.0,0.0,0.0,0.0,0.0,0.0,0.0,0.0,0.0,0.0,0.0,0.0,0.0,0.0,0.0,0.0,17.12777777777778
Bruno Fernando,0.0,0.0,0.8,-0.1,0.4,1.3666666666666665,0.0,0.0,0.0,0.0,0.0,0.0,0.0,0.0,0.0,0.0,0.0,0.0,0.0,0.0,0.0,0.0,0.0,0.0,2.466666666666667
Bryce McGowens,0.0,0.22777777777777777,0.0,0.0,0.0,0.0,0.0,0.0,0.0,0.0,0.0,0.0,0.0,0.0,0.0,0.0,0.0,0.0,0.0,0.0,0.0,0.0,0.0,0.0,0.22777777777777777
Bryn Forbes,0.0,0.0,0.0,0.0,0.1,2.1,3.8,1.5,2.7,1.4,-0.22777777777777777,0.0,0.0,0.0,0.0,0.0,0.0,0.0,0.0,0.0,0.0,0.0,0.0,0.0,11.372222222222222
Buddy Boeheim,0.0,0.0,0.0,0.0,0.0,0.0,0.0,0.0,0.0,0.0,0.0,0.0,0.0,0.0,0.0,0.0,0.0,0.0,0.0,0.0,0.0,0.0,0.0,0.0,0.0
Buddy Hield,0.0,0.0,0.0,0.0,0.0,1.3,2.8,5.9,3.0,2.2,1.9,3.4166666666666665,0.0,0.0,0.0,0.0,0.0,0.0,0.0,0.0,0.0,0.0,0.0,0.0,20.516666666666666
CJ McCollum,0.0,0.0,0.0,0.2,1.8,6.0,7.6,6.6,5.6,4.1,4.7,3.6,3.6444444444444444,0.0,0.0,0.0,0.0,0.0,0.0,0.0,0.0,0.0,0.0,0.0,43.84444444444445
Cade Cunningham,0.0,-0.5,-0.22777777777777777,0.0,0.0,0.0,0.0,0.0,0.0,0.0,0.0,0.0,0.0,0.0,0.0,0.0,0.0,0.0,0.0,0.0,0.0,0.0,0.0,0.0,-0.7277777777777777
Caleb Houstan,0.0,1.1388888888888888,0.0,0.0,0.0,0.0,0.0,0.0,0.0,0.0,0.0,0.0,0.0,0.0,0.0,0.0,0.0,0.0,0.0,0.0,0.0,0.0,0.0,0.0,1.1388888888888888
Caleb Martin,0.0,0.0,0.0,0.0,0.0,0.5,0.5,4.0,3.872222222222222,0.0,0.0,0.0,0.0,0.0,0.0,0.0,0.0,0.0,0.0,0.0,0.0,0.0,0.0,0.0,8.872222222222222
Cam Reddish,0.0,-0.4,0.4,1.0,1.5944444444444443,0.0,0.0,0.0,0.0,0.0,0.0,0.0,0.0,0.0,0.0,0.0,0.0,0.0,0.0,0.0,0.0,0.0,0.0,0.0,2.594444444444444
Cam Thomas,0.0,0.8,0.45555555555555555,0.0,0.0,0.0,0.0,0.0,0.0,0.0,0.0,0.0,0.0,0.0,0.0,0.0,0.0,0.0,0.0,0.0,0.0,0.0,0.0,0.0,1.2555555555555555
Cameron Johnson,0.0,0.0,0.0,0.0,2.7,2.6,5.6,1.5944444444444443,0.0,0.0,0.0,0.0,0.0,0.0,0.0,0.0,0.0,0.0,0.0,0.0,0.0,0.0,0.0,0.0,12.494444444444445
Cameron Payne,0.0,0.0,1.4,-0.3,0.8,0.5,0.5,3.6,1.9,2.2777777777777777,0.0,0.0,0.0,0.0,0.0,0.0,0.0,0.0,0.0,0.0,0.0,0.0,0.0,0.0,10.677777777777777
Caris LeVert,0.0,0.0,0.0,1.8,2.3,1.7,1.5,2.4,2.2,3.1888888888888887,0.0,0.0,0.0,0.0,0.0,0.0,0.0,0.0,0.0,0.0,0.0,0.0,0.0,0.0,15.088888888888887
Cedi Osman,0.0,0.0,0.0,0.9,1.5,1.6,0.5,2.9,3.6444444444444444,0.0,0.0,0.0,0.0,0.0,0.0,0.0,0.0,0.0,0.0,0.0,0.0,0.0,0.0,0.0,11.044444444444444
Charles Bassey,0.0,0.0,0.8,1.8222222222222222,0.0,0.0,0.0,0.0,0.0,0.0,0.0,0.0,0.0,0.0,0.0,0.0,0.0,0.0,0.0,0.0,0.0,0.0,0.0,0.0,2.6222222222222222
Chima Moneke,0.0,0.0,0.0,0.0,0.0,0.0,0.0,0.0,0.0,0.0,0.0,0.0,0.0,0.0,0.0,0.0,0.0,0.0,0.0,0.0,0.0,0.0,0.0,0.0,0.0
Chimezie Metu,0.0,0.0,-0.3,0.3,0.6,1.5,1.5944444444444443,0.0,0.0,0.0,0.0,0.0,0.0,0.0,0.0,0.0,0.0,0.0,0.0,0.0,0.0,0.0,0.0,0.0,3.6944444444444446
Chris Boucher,0.0,0.0,0.0,0.0,0.0,0.0,0.0,0.7,3.8,6.1,6.0,4.1,0.0,0.0,0.0,0.0,0.0,0.0,0.0,0.0,0.0,0.0,0.0,0.0,20.700000000000003
Chris Duarte,0.0,0.0,0.0,0.0,0.0,0.9,-0.22777777777777777,0.0,0.0,0.0,0.0,0.0,0.0,0.0,0.0,0.0,0.0,0.0,0.0,0.0,0.0,0.0,0.0,0.0,0.6722222222222223
Chris Paul,0.0,10.4,8.8,17.8,18.3,7.3,13.9,12.7,13.9,12.2,16.1,12.7,10.6,10.2,6.6,8.9,9.2,9.4,4.783333333333333,0.0,0.0,0.0,0.0,0.0,203.7833333333333
Christian Braun,0.0,0.0,0.9111111111111111,0.0,0.0,0.0,0.0,0.0,0.0,0.0,0.0,0.0,0.0,0.0,0.0,0.0,0.0,0.0,0.0,0.0,0.0,0.0,0.0,0.0,0.9111111111111111
Christian Koloko,0.0,0.0,0.0,1.8222222222222222,0.0,0.0,0.0,0.0,0.0,0.0,0.0,0.0,0.0,0.0,0.0,0.0,0.0,0.0,0.0,0.0,0.0,0.0,0.0,0.0,1.8222222222222222
Christian Wood,0.0,0.3,0.3,0.0,0.8,5.1,2.8,4.9,5.011111111111111,0.0,0.0,0.0,0.0,0.0,0.0,0.0,0.0,0.0,0.0,0.0,0.0,0.0,0.0,0.0,19.211111111111112
Chuma Okeke,0.0,0.0,0.0,1.3,2.2,1.5944444444444443,0.0,0.0,0.0,0.0,0.0,0.0,0.0,0.0,0.0,0.0,0.0,0.0,0.0,0.0,0.0,0.0,0.0,0.0,5.094444444444444
Clint Capela,0.0,0.0,4.4,5.9,10.2,10.8,4.9,8.2,8.3,7.061111111111111,0.0,0.0,0.0,0.0,0.0,0.0,0.0,0.0,0.0,0.0,0.0,0.0,0.0,0.0,59.76111111111111
Coby White,0.9,2.4,2.4,1.3666666666666665,0.0,0.0,0.0,0.0,0.0,0.0,0.0,0.0,0.0,0.0,0.0,0.0,0.0,0.0,0.0,0.0,0.0,0.0,0.0,0.0,7.0666666666666655
Cody Martin,0.0,0.0,0.0,0.0,0.0,1.0,1.1,3.9,0.0,0.0,0.0,0.0,0.0,0.0,0.0,0.0,0.0,0.0,0.0,0.0,0.0,0.0,0.0,0.0,6.0
Cole Anthony,0.0,0.0,1.6,2.733333333333333,0.0,0.0,0.0,0.0,0.0,0.0,0.0,0.0,0.0,0.0,0.0,0.0,0.0,0.0,0.0,0.0,0.0,0.0,0.0,0.0,4.333333333333333
Cole Swider,0.0,0.0,0.0,0.0,0.0,0.0,0.0,0.0,0.0,0.0,0.0,0.0,0.0,0.0,0.0,0.0,0.0,0.0,0.0,0.0,0.0,0.0,0.0,0.0,0.0
Collin Sexton,0.0,-0.6,2.5,3.5,-0.1,3.872222222222222,0.0,0.0,0.0,0.0,0.0,0.0,0.0,0.0,0.0,0.0,0.0,0.0,0.0,0.0,0.0,0.0,0.0,0.0,9.172222222222222
Corey Kispert,0.0,0.0,0.0,2.3,2.9611111111111112,0.0,0.0,0.0,0.0,0.0,0.0,0.0,0.0,0.0,0.0,0.0,0.0,0.0,0.0,0.0,0.0,0.0,0.0,0.0,5.261111111111111
Cory Joseph,0.0,0.0,0.9,2.9,4.5,3.5,3.4,3.1,3.5,2.3,2.1,2.5,1.1388888888888888,0.0,0.0,0.0,0.0,0.0,0.0,0.0,0.0,0.0,0.0,0.0,29.838888888888892
D'Angelo Russell,0.0,1.3,0.4,5.0,1.8,1.6,4.4,3.872222222222222,0.0,0.0,0.0,0.0,0.0,0.0,0.0,0.0,0.0,0.0,0.0,0.0,0.0,0.0,0.0,0.0,18.37222222222222
Daishen Nix,-0.2,0.0,0.0,0.0,0.0,0.0,0.0,0.0,0.0,0.0,0.0,0.0,0.0,0.0,0.0,0.0,0.0,0.0,0.0,0.0,0.0,0.0,0.0,0.0,-0.2
Dalano Banton,0.0,0.0,0.0,0.4,0.9111111111111111,0.0,0.0,0.0,0.0,0.0,0.0,0.0,0.0,0.0,0.0,0.0,0.0,0.0,0.0,0.0,0.0,0.0,0.0,0.0,1.3111111111111111
Dalen Terry,0.0,0.0,0.0,0.0,0.0,0.0,0.0,0.0,0.0,0.0,0.0,0.0,0.0,0.0,0.0,0.0,0.0,0.0,0.0,0.0,0.0,0.0,0.0,0.0,0.0
Damian Jones,0.0,0.0,0.0,0.1,1.5,2.8,1.6,3.3,0.9111111111111111,0.0,0.0,0.0,0.0,0.0,0.0,0.0,0.0,0.0,0.0,0.0,0.0,0.0,0.0,0.0,10.211111111111112
Damian Lillard,0.0,0.0,0.0,5.8,9.6,10.6,9.2,10.4,12.6,12.1,11.6,10.4,1.7,6.833333333333333,0.0,0.0,0.0,0.0,0.0,0.0,0.0,0.0,0.0,0.0,100.83333333333333
Damion Lee,0.0,0.0,0.0,0.0,0.0,0.0,0.4,0.7,1.7,2.7,2.7,3.872222222222222,0.0,0.0,0.0,0.0,0.0,0.0,0.0,0.0,0.0,0.0,0.0,0.0,12.072222222222221
Daniel Gafford,0.0,0.0,1.9,3.5,6.0,4.3277777777777775,0.0,0.0,0.0,0.0,0.0,0.0,0.0,0.0,0.0,0.0,0.0,0.0,0.0,0.0,0.0,0.0,0.0,0.0,15.727777777777778
Danuel House Jr.,0.0,0.0,0.0,0.0,0.0,0.6,2.3,3.6,0.5,1.0,2.05,0.0,0.0,0.0,0.0,0.0,0.0,0.0,0.0,0.0,0.0,0.0,0.0,0.0,10.05
Dario Šarić,0.0,0.0,0.0,1.0,6.6,3.5,3.6,1.7,0.0,0.22777777777777777,0.0,0.0,0.0,0.0,0.0,0.0,0.0,0.0,0.0,0.0,0.0,0.0,0.0,0.0,16.627777777777776
Darius Bazley,1.0,-0.9,1.8,1.3666666666666665,0.0,0.0,0.0,0.0,0.0,0.0,0.0,0.0,0.0,0.0,0.0,0.0,0.0,0.0,0.0,0.0,0.0,0.0,0.0,0.0,3.2666666666666666
Darius Garland,0.0,-1.3,1.2,6.3,7.061111111111111,0.0,0.0,0.0,0.0,0.0,0.0,0.0,0.0,0.0,0.0,0.0,0.0,0.0,0.0,0.0,0.0,0.0,0.0,0.0,13.26111111111111
David Duke Jr.,0.0,0.0,0.0,0.3,-0.45555555555555555,0.0,0.0,0.0,0.0,0.0,0.0,0.0,0.0,0.0,0.0,0.0,0.0,0.0,0.0,0.0,0.0,0.0,0.0,0.0,-0.15555555555555556
David Roddy,0.0,0.0,1.1388888888888888,0.0,0.0,0.0,0.0,0.0,0.0,0.0,0.0,0.0,0.0,0.0,0.0,0.0,0.0,0.0,0.0,0.0,0.0,0.0,0.0,0.0,1.1388888888888888
Davion Mitchell,0.0,0.0,0.0,0.0,0.1,1.1388888888888888,0.0,0.0,0.0,0.0,0.0,0.0,0.0,0.0,0.0,0.0,0.0,0.0,0.0,0.0,0.0,0.0,0.0,0.0,1.238888888888889
Davon Reed,0.0,0.0,0.0,-0.3,0.1,0.0,0.0,1.6,-0.45555555555555555,0.0,0.0,0.0,0.0,0.0,0.0,0.0,0.0,0.0,0.0,0.0,0.0,0.0,0.0,0.0,0.9444444444444446
Day'Ron Sharpe,0.0,1.2,0.9111111111111111,0.0,0.0,0.0,0.0,0.0,0.0,0.0,0.0,0.0,0.0,0.0,0.0,0.0,0.0,0.0,0.0,0.0,0.0,0.0,0.0,0.0,2.111111111111111
De'Aaron Fox,0.0,-0.6,5.6,4.0,4.2,2.5,5.9222222222222225,0.0,0.0,0.0,0.0,0.0,0.0,0.0,0.0,0.0,0.0,0.0,0.0,0.0,0.0,0.0,0.0,0.0,21.62222222222222
De'Andre Hunter,0.0,0.0,0.0,0.1,1.7,1.1,2.2777777777777777,0.0,0.0,0.0,0.0,0.0,0.0,0.0,0.0,0.0,0.0,0.0,0.0,0.0,0.0,0.0,0.0,0.0,5.177777777777778
De'Anthony Melton,0.0,0.0,1.7,2.2,3.7,4.3277777777777775,0.0,0.0,0.0,0.0,0.0,0.0,0.0,0.0,0.0,0.0,0.0,0.0,0.0,0.0,0.0,0.0,0.0,0.0,11.927777777777777
DeAndre Jordan,0.0,1.3,1.5,5.2,5.6,6.2,11.1,12.8,11.5,11.8,9.4,7.1,5.2,3.9,1.9,1.8222222222222222,0.0,0.0,0.0,0.0,0.0,0.0,0.0,0.0,96.32222222222224
DeMar DeRozan,0.0,2.3,3.2,2.5,4.7,8.8,4.0,9.9,9.0,9.6,6.3,7.3,7.4,8.8,9.338888888888887,0.0,0.0,0.0,0.0,0.0,0.0,0.0,0.0,0.0,93.13888888888889
Dean Wade,0.0,0.0,0.0,0.0,0.2,2.0,2.3,2.5055555555555555,0.0,0.0,0.0,0.0,0.0,0.0,0.0,0.0,0.0,0.0,0.0,0.0,0.0,0.0,0.0,0.0,7.0055555555555555
Deandre Ayton,0.0,5.8,3.1,8.4,7.3,6.833333333333333,0.0,0.0,0.0,0.0,0.0,0.0,0.0,0.0,0.0,0.0,0.0,0.0,0.0,0.0,0.0,0.0,0.0,0.0,31.433333333333334
Dejounte Murray,0.0,0.0,3.2,0.0,2.6,3.3,7.3,4.1,0.0,0.0,0.0,0.0,0.0,0.0,0.0,0.0,0.0,0.0,0.0,0.0,0.0,0.0,0.0,0.0,20.5
Delon Wright,0.0,0.0,0.0,0.0,0.6,1.1,4.5,4.3,4.4,4.3,3.6,0.6833333333333332,0.0,0.0,0.0,0.0,0.0,0.0,0.0,0.0,0.0,0.0,0.0,0.0,23.483333333333334
Deni Avdija,0.0,1.2,2.4,2.05,0.0,0.0,0.0,0.0,0.0,0.0,0.0,0.0,0.0,0.0,0.0,0.0,0.0,0.0,0.0,0.0,0.0,0.0,0.0,0.0,5.6499999999999995
Dennis Schröder,0.0,-0.7,2.5,2.2,3.7,2.6,2.9,3.6,3.8,2.9,0.9111111111111111,0.0,0.0,0.0,0.0,0.0,0.0,0.0,0.0,0.0,0.0,0.0,0.0,0.0,24.41111111111111
Dennis Smith Jr.,0.0,-0.7,0.0,-0.9,0.6,0.4,1.3666666666666665,0.0,0.0,0.0,0.0,0.0,0.0,0.0,0.0,0.0,0.0,0.0,0.0,0.0,0.0,0.0,0.0,0.0,0.7666666666666665
Dereon Seabron,0.0,0.0,0.0,0.0,0.0,0.0,0.0,0.0,0.0,0.0,0.0,0.0,0.0,0.0,0.0,0.0,0.0,0.0,0.0,0.0,0.0,0.0,0.0,0.0,0.0
Derrick Jones Jr.,1.1,0.4,2.9,4.4,2.4,2.2,2.2777777777777777,0.0,0.0,0.0,0.0,0.0,0.0,0.0,0.0,0.0,0.0,0.0,0.0,0.0,0.0,0.0,0.0,0.0,15.67777777777778
Derrick Rose,0.0,4.9,6.0,13.1,6.0,0.0,-0.2,1.2,0.4,3.0,-0.2,3.0,2.5,3.1,1.4,0.45555555555555555,0.0,0.0,0.0,0.0,0.0,0.0,0.0,0.0,44.65555555555555
Derrick White,0.0,0.0,0.0,0.0,0.5,3.6,4.2,1.9,5.1,5.466666666666666,0.0,0.0,0.0,0.0,0.0,0.0,0.0,0.0,0.0,0.0,0.0,0.0,0.0,0.0,20.766666666666666
Desmond Bane,0.0,0.0,0.0,2.9,7.2,3.6444444444444444,0.0,0.0,0.0,0.0,0.0,0.0,0.0,0.0,0.0,0.0,0.0,0.0,0.0,0.0,0.0,0.0,0.0,0.0,13.744444444444444
Devin Booker,1.9,2.0,2.4,3.5,7.5,4.9,7.6,7.744444444444444,0.0,0.0,0.0,0.0,0.0,0.0,0.0,0.0,0.0,0.0,0.0,0.0,0.0,0.0,0.0,0.0,37.54444444444445
Devin Vassell,0.0,1.5,3.3,2.9611111111111112,0.0,0.0,0.0,0.0,0.0,0.0,0.0,0.0,0.0,0.0,0.0,0.0,0.0,0.0,0.0,0.0,0.0,0.0,0.0,0.0,7.761111111111111
Devon Dotson,0.0,0.0,0.2,0.1,0.0,0.0,0.0,0.0,0.0,0.0,0.0,0.0,0.0,0.0,0.0,0.0,0.0,0.0,0.0,0.0,0.0,0.0,0.0,0.0,0.30000000000000004
Devonte' Graham,0.0,0.0,0.0,0.0,0.5,3.4,3.4,2.8,2.9611111111111112,0.0,0.0,0.0,0.0,0.0,0.0,0.0,0.0,0.0,0.0,0.0,0.0,0.0,0.0,0.0,13.06111111111111
Dewayne Dedmon,0.0,0.0,0.0,0.0,0.0,0.6,1.7,2.4,5.2,3.7,4.0,0.1,1.1,3.5,2.05,0.0,0.0,0.0,0.0,0.0,0.0,0.0,0.0,0.0,24.35
Dillon Brooks,0.0,0.0,0.0,1.2,0.0,1.2,1.4,1.6,2.5055555555555555,0.0,0.0,0.0,0.0,0.0,0.0,0.0,0.0,0.0,0.0,0.0,0.0,0.0,0.0,0.0,7.905555555555556
Domantas Sabonis,0.0,0.8,4.7,7.6,7.5,6.9,7.1,12.072222222222221,0.0,0.0,0.0,0.0,0.0,0.0,0.0,0.0,0.0,0.0,0.0,0.0,0.0,0.0,0.0,0.0,46.672222222222224
Dominick Barlow,0.22777777777777777,0.0,0.0,0.0,0.0,0.0,0.0,0.0,0.0,0.0,0.0,0.0,0.0,0.0,0.0,0.0,0.0,0.0,0.0,0.0,0.0,0.0,0.0,0.0,0.22777777777777777
Donovan Mitchell,0.0,0.0,5.2,5.0,5.4,6.2,7.2,10.705555555555556,0.0,0.0,0.0,0.0,0.0,0.0,0.0,0.0,0.0,0.0,0.0,0.0,0.0,0.0,0.0,0.0,39.705555555555556
Donte DiVincenzo,0.0,0.0,0.0,0.6,4.3,3.6,0.7,1.8222222222222222,0.0,0.0,0.0,0.0,0.0,0.0,0.0,0.0,0.0,0.0,0.0,0.0,0.0,0.0,0.0,0.0,11.022222222222222
Dorian Finney-Smith,0.0,0.0,0.0,0.0,1.4,0.1,3.3,4.9,4.4,6.6,2.5055555555555555,0.0,0.0,0.0,0.0,0.0,0.0,0.0,0.0,0.0,0.0,0.0,0.0,0.0,23.205555555555556
Doug McDermott,0.0,0.0,0.0,0.0,0.0,2.8,2.6,2.3,2.9,3.3,3.8,1.6,1.1388888888888888,0.0,0.0,0.0,0.0,0.0,0.0,0.0,0.0,0.0,0.0,0.0,20.43888888888889
Draymond Green,0.0,0.0,0.0,0.6,4.5,8.5,11.1,8.2,6.1,4.3,1.1,4.6,3.6,4.1,0.0,0.0,0.0,0.0,0.0,0.0,0.0,0.0,0.0,0.0,56.7
Drew Eubanks,0.0,0.0,0.3,0.8,2.3,3.4,4.555555555555555,0.0,0.0,0.0,0.0,0.0,0.0,0.0,0.0,0.0,0.0,0.0,0.0,0.0,0.0,0.0,0.0,0.0,11.355555555555554
Dru Smith,0.0,0.0,0.0,0.0,0.0,0.0,0.22777777777777777,0.0,0.0,0.0,0.0,0.0,0.0,0.0,0.0,0.0,0.0,0.0,0.0,0.0,0.0,0.0,0.0,0.0,0.22777777777777777
Duane Washington Jr.,0.0,0.0,0.0,-0.45555555555555555,0.0,0.0,0.0,0.0,0.0,0.0,0.0,0.0,0.0,0.0,0.0,0.0,0.0,0.0,0.0,0.0,0.0,0.0,0.0,0.0,-0.45555555555555555
Duncan Robinson,0.0,0.0,0.0,0.0,0.0,0.2,5.3,3.7,3.9,0.6833333333333332,0.0,0.0,0.0,0.0,0.0,0.0,0.0,0.0,0.0,0.0,0.0,0.0,0.0,0.0,13.783333333333333
Dwight Powell,0.0,0.0,0.0,0.0,0.6,3.1,4.6,6.6,7.5,3.6,3.8,8.2,3.872222222222222,0.0,0.0,0.0,0.0,0.0,0.0,0.0,0.0,0.0,0.0,0.0,41.87222222222222
Dyson Daniels,2.2777777777777777,0.0,0.0,0.0,0.0,0.0,0.0,0.0,0.0,0.0,0.0,0.0,0.0,0.0,0.0,0.0,0.0,0.0,0.0,0.0,0.0,0.0,0.0,0.0,2.2777777777777777
Dāvis Bertāns,0.0,0.0,0.0,0.0,0.0,2.3,3.1,4.0,3.5,3.1,0.9,0.6833333333333332,0.0,0.0,0.0,0.0,0.0,0.0,0.0,0.0,0.0,0.0,0.0,0.0,17.583333333333332
Edmond Sumner,0.0,0.0,0.0,0.0,0.1,0.4,1.4,0.0,1.8222222222222222,0.0,0.0,0.0,0.0,0.0,0.0,0.0,0.0,0.0,0.0,0.0,0.0,0.0,0.0,0.0,3.7222222222222223
Eric Gordon,0.0,4.6,3.2,5.3,0.7,1.1,2.5,2.9,2.1,3.8,4.7,2.6,0.5,0.8,1.4,1.1388888888888888,0.0,0.0,0.0,0.0,0.0,0.0,0.0,0.0,37.33888888888888
Eugene Omoruyi,0.0,0.0,0.0,0.0,0.0,0.1,0.9111111111111111,0.0,0.0,0.0,0.0,0.0,0.0,0.0,0.0,0.0,0.0,0.0,0.0,0.0,0.0,0.0,0.0,0.0,1.011111111111111
Evan Fournier,0.0,1.0,1.4,2.1,5.7,2.8,3.3,3.2,4.6,2.8,3.7,0.22777777777777777,0.0,0.0,0.0,0.0,0.0,0.0,0.0,0.0,0.0,0.0,0.0,0.0,30.82777777777778
Evan Mobley,0.0,5.2,8.883333333333333,0.0,0.0,0.0,0.0,0.0,0.0,0.0,0.0,0.0,0.0,0.0,0.0,0.0,0.0,0.0,0.0,0.0,0.0,0.0,0.0,0.0,14.083333333333332
Facundo Campazzo,0.0,0.0,0.0,0.0,0.0,0.0,0.0,0.0,0.0,0.0,3.1,2.0,0.0,0.0,0.0,0.0,0.0,0.0,0.0,0.0,0.0,0.0,0.0,0.0,5.1
Frank Kaminsky,0.0,0.0,0.0,3.3,2.3,3.6,1.8,1.4,2.0,0.9,0.9111111111111111,0.0,0.0,0.0,0.0,0.0,0.0,0.0,0.0,0.0,0.0,0.0,0.0,0.0,16.211111111111112
Frank Ntilikina,-0.9,-0.8,0.9,0.5,0.9,-0.22777777777777777,0.0,0.0,0.0,0.0,0.0,0.0,0.0,0.0,0.0,0.0,0.0,0.0,0.0,0.0,0.0,0.0,0.0,0.0,0.3722222222222221
Franz Wagner,0.0,4.0,5.238888888888888,0.0,0.0,0.0,0.0,0.0,0.0,0.0,0.0,0.0,0.0,0.0,0.0,0.0,0.0,0.0,0.0,0.0,0.0,0.0,0.0,0.0,9.238888888888887
Fred VanVleet,0.0,0.0,0.0,0.2,4.7,4.3,5.8,4.3,6.7,5.238888888888888,0.0,0.0,0.0,0.0,0.0,0.0,0.0,0.0,0.0,0.0,0.0,0.0,0.0,0.0,31.238888888888887
Furkan Korkmaz,0.0,0.0,1.1,2.8,2.0,1.2,0.22777777777777777,0.0,0.0,0.0,0.0,0.0,0.0,0.0,0.0,0.0,0.0,0.0,0.0,0.0,0.0,0.0,0.0,0.0,7.327777777777778
Gabe Vincent,0.0,0.0,0.0,0.0,-0.2,0.2,2.5,0.9111111111111111,0.0,0.0,0.0,0.0,0.0,0.0,0.0,0.0,0.0,0.0,0.0,0.0,0.0,0.0,0.0,0.0,3.411111111111111
Garrett Temple,0.0,0.0,0.0,0.0,0.4,-0.4,0.0,1.2,0.3,1.5,2.7,2.2,1.2,2.2,2.4,1.6,0.8,0.45555555555555555,0.0,0.0,0.0,0.0,0.0,0.0,16.555555555555557
Garrison Mathews,0.0,0.0,0.0,0.0,0.6,2.3,2.8,1.8222222222222222,0.0,0.0,0.0,0.0,0.0,0.0,0.0,0.0,0.0,0.0,0.0,0.0,0.0,0.0,0.0,0.0,7.522222222222221
Gary Harris,0.0,-0.7,4.0,4.6,5.5,2.6,1.9,0.7,2.2,0.6833333333333332,0.0,0.0,0.0,0.0,0.0,0.0,0.0,0.0,0.0,0.0,0.0,0.0,0.0,0.0,21.48333333333333
Gary Trent Jr.,0.0,-0.2,2.5,1.7,5.6,3.1888888888888887,0.0,0.0,0.0,0.0,0.0,0.0,0.0,0.0,0.0,0.0,0.0,0.0,0.0,0.0,0.0,0.0,0.0,0.0,12.788888888888888
George Hill,0.0,0.0,0.0,2.1,6.7,6.1,4.0,9.7,7.8,5.4,6.2,5.9,3.2,2.8,5.5,1.4,2.3,2.2777777777777777,0.0,0.0,0.0,0.0,0.0,0.0,71.37777777777778
Georges Niang,0.0,0.0,0.0,0.0,-0.3,0.0,1.3,1.8,2.6,2.8,2.9611111111111112,0.0,0.0,0.0,0.0,0.0,0.0,0.0,0.0,0.0,0.0,0.0,0.0,0.0,11.161111111111111
Giannis Antetokounmpo,1.2,6.2,7.1,12.4,11.9,14.4,11.1,10.2,12.9,8.655555555555555,0.0,0.0,0.0,0.0,0.0,0.0,0.0,0.0,0.0,0.0,0.0,0.0,0.0,0.0,96.05555555555556
Goga Bitadze,0.0,0.7,1.5,1.9,0.9111111111111111,0.0,0.0,0.0,0.0,0.0,0.0,0.0,0.0,0.0,0.0,0.0,0.0,0.0,0.0,0.0,0.0,0.0,0.0,0.0,5.011111111111111
Goran Dragić,0.0,0.0,0.0,0.1,2.8,1.0,5.1,5.7,10.3,6.8,4.7,7.5,5.3,1.6,3.5,1.3,0.4,0.9111111111111111,0.0,0.0,0.0,0.0,0.0,0.0,57.011111111111106
Gordon Hayward,0.0,1.2,4.9,5.4,3.6,8.7,8.9,10.4,0.0,4.9,5.7,3.5,2.8,0.9111111111111111,0.0,0.0,0.0,0.0,0.0,0.0,0.0,0.0,0.0,0.0,60.911111111111104
Gorgui Dieng,0.0,0.0,0.0,0.0,0.0,2.2,4.9,5.9,5.7,2.9,2.8,2.9,2.1,1.2,0.22777777777777777,0.0,0.0,0.0,0.0,0.0,0.0,0.0,0.0,0.0,30.827777777777776
Grant Williams,0.0,0.0,1.6,1.1,5.1,5.694444444444445,0.0,0.0,0.0,0.0,0.0,0.0,0.0,0.0,0.0,0.0,0.0,0.0,0.0,0.0,0.0,0.0,0.0,0.0,13.494444444444444
Grayson Allen,0.0,0.0,0.0,0.0,0.0,1.2,2.7,4.2,5.238888888888888,0.0,0.0,0.0,0.0,0.0,0.0,0.0,0.0,0.0,0.0,0.0,0.0,0.0,0.0,0.0,13.338888888888889
Greg Brown III,0.0,0.4,-0.22777777777777777,0.0,0.0,0.0,0.0,0.0,0.0,0.0,0.0,0.0,0.0,0.0,0.0,0.0,0.0,0.0,0.0,0.0,0.0,0.0,0.0,0.0,0.17222222222222225
Hamidou Diallo,0.0,0.8,0.4,1.6,2.1,0.9111111111111111,0.0,0.0,0.0,0.0,0.0,0.0,0.0,0.0,0.0,0.0,0.0,0.0,0.0,0.0,0.0,0.0,0.0,0.0,5.811111111111112
Harrison Barnes,0.0,2.8,3.2,6.7,4.9,4.6,3.8,3.6,4.6,4.5,6.0,5.238888888888888,0.0,0.0,0.0,0.0,0.0,0.0,0.0,0.0,0.0,0.0,0.0,0.0,49.93888888888889
Haywood Highsmith,0.0,0.0,0.0,0.0,0.0,0.0,0.1,0.9111111111111111,0.0,0.0,0.0,0.0,0.0,0.0,0.0,0.0,0.0,0.0,0.0,0.0,0.0,0.0,0.0,0.0,1.011111111111111
Herbert Jones,0.0,0.0,0.0,0.0,4.6,3.1888888888888887,0.0,0.0,0.0,0.0,0.0,0.0,0.0,0.0,0.0,0.0,0.0,0.0,0.0,0.0,0.0,0.0,0.0,0.0,7.788888888888888
Immanuel Quickley,0.0,0.0,3.2,4.2,3.6444444444444444,0.0,0.0,0.0,0.0,0.0,0.0,0.0,0.0,0.0,0.0,0.0,0.0,0.0,0.0,0.0,0.0,0.0,0.0,0.0,11.044444444444444
Isaac Okoro,0.0,0.9,4.2,2.5055555555555555,0.0,0.0,0.0,0.0,0.0,0.0,0.0,0.0,0.0,0.0,0.0,0.0,0.0,0.0,0.0,0.0,0.0,0.0,0.0,0.0,7.605555555555556
Isaiah Hartenstein,0.0,0.5,1.1,1.6,5.5,4.3277777777777775,0.0,0.0,0.0,0.0,0.0,0.0,0.0,0.0,0.0,0.0,0.0,0.0,0.0,0.0,0.0,0.0,0.0,0.0,13.027777777777777
Isaiah Jackson,0.0,1.4,2.733333333333333,0.0,0.0,0.0,0.0,0.0,0.0,0.0,0.0,0.0,0.0,0.0,0.0,0.0,0.0,0.0,0.0,0.0,0.0,0.0,0.0,0.0,4.133333333333333
Isaiah Joe,0.0,0.0,0.6,0.4,2.5055555555555555,0.0,0.0,0.0,0.0,0.0,0.0,0.0,0.0,0.0,0.0,0.0,0.0,0.0,0.0,0.0,0.0,0.0,0.0,0.0,3.5055555555555555
Isaiah Livers,0.0,0.0,0.0,0.0,0.7,0.6833333333333332,0.0,0.0,0.0,0.0,0.0,0.0,0.0,0.0,0.0,0.0,0.0,0.0,0.0,0.0,0.0,0.0,0.0,0.0,1.3833333333333333
Isaiah Mobley,0.0,0.0,0.0,0.0,0.22777777777777777,0.0,0.0,0.0,0.0,0.0,0.0,0.0,0.0,0.0,0.0,0.0,0.0,0.0,0.0,0.0,0.0,0.0,0.0,0.0,0.22777777777777777
Isaiah Roby,0.0,0.0,0.0,1.3,2.9,0.45555555555555555,0.0,0.0,0.0,0.0,0.0,0.0,0.0,0.0,0.0,0.0,0.0,0.0,0.0,0.0,0.0,0.0,0.0,0.0,4.655555555555556
Isaiah Stewart,4.0,3.4,3.6444444444444444,0.0,0.0,0.0,0.0,0.0,0.0,0.0,0.0,0.0,0.0,0.0,0.0,0.0,0.0,0.0,0.0,0.0,0.0,0.0,0.0,0.0,11.044444444444444
Isaiah Todd,0.0,-0.2,0.0,0.0,0.0,0.0,0.0,0.0,0.0,0.0,0.0,0.0,0.0,0.0,0.0,0.0,0.0,0.0,0.0,0.0,0.0,0.0,0.0,0.0,-0.2
Ish Smith,0.0,0.0,0.0,-0.1,0.3,-0.4,1.0,-0.1,1.3,3.1,4.4,1.7,1.9,1.1,0.5,-0.45555555555555555,0.0,0.0,0.0,0.0,0.0,0.0,0.0,0.0,14.244444444444444
Ish Wainright,0.0,0.0,0.0,0.0,0.0,0.0,0.0,0.0,0.6,1.3666666666666665,0.0,0.0,0.0,0.0,0.0,0.0,0.0,0.0,0.0,0.0,0.0,0.0,0.0,0.0,1.9666666666666663
Ivica Zubac,1.1,1.0,3.2,6.6,6.9,7.2,6.377777777777777,0.0,0.0,0.0,0.0,0.0,0.0,0.0,0.0,0.0,0.0,0.0,0.0,0.0,0.0,0.0,0.0,0.0,32.37777777777778
JD Davison,0.0,0.0,0.0,0.0,0.0,0.0,0.0,0.0,0.0,0.0,0.0,0.0,0.0,0.0,0.0,0.0,0.0,0.0,0.0,0.0,0.0,0.0,0.0,0.0,0.0
JT Thor,0.3,-0.22777777777777777,0.0,0.0,0.0,0.0,0.0,0.0,0.0,0.0,0.0,0.0,0.0,0.0,0.0,0.0,0.0,0.0,0.0,0.0,0.0,0.0,0.0,0.0,0.07222222222222222
Ja Morant,0.0,3.8,3.2,6.7,5.9222222222222225,0.0,0.0,0.0,0.0,0.0,0.0,0.0,0.0,0.0,0.0,0.0,0.0,0.0,0.0,0.0,0.0,0.0,0.0,0.0,19.62222222222222
JaMychal Green,0.0,0.0,0.0,0.0,0.0,0.4,2.6,5.8,2.6,2.9,3.1,2.6,2.7,1.3666666666666665,0.0,0.0,0.0,0.0,0.0,0.0,0.0,0.0,0.0,0.0,24.06666666666667
JaVale McGee,0.0,0.0,2.0,2.1,5.3,4.1,4.9,-0.1,0.4,1.1,3.5,2.7,5.9,4.7,1.0,4.9,0.45555555555555555,0.0,0.0,0.0,0.0,0.0,0.0,0.0,42.955555555555556
Jabari Smith Jr.,2.2777777777777777,0.0,0.0,0.0,0.0,0.0,0.0,0.0,0.0,0.0,0.0,0.0,0.0,0.0,0.0,0.0,0.0,0.0,0.0,0.0,0.0,0.0,0.0,0.0,2.2777777777777777
Jabari Walker,0.0,0.22777777777777777,0.0,0.0,0.0,0.0,0.0,0.0,0.0,0.0,0.0,0.0,0.0,0.0,0.0,0.0,0.0,0.0,0.0,0.0,0.0,0.0,0.0,0.0,0.22777777777777777
Jack White,0.0,0.0,0.0,0.0,0.0,0.0,0.0,0.0,0.0,0.0,0.0,0.0,0.0,0.0,0.0,0.0,0.0,0.0,0.0,0.0,0.0,0.0,0.0,0.0,0.0
Jaden Hardy,0.0,-0.45555555555555555,0.0,0.0,0.0,0.0,0.0,0.0,0.0,0.0,0.0,0.0,0.0,0.0,0.0,0.0,0.0,0.0,0.0,0.0,0.0,0.0,0.0,0.0,-0.45555555555555555
Jaden Ivey,0.0,0.22777777777777777,0.0,0.0,0.0,0.0,0.0,0.0,0.0,0.0,0.0,0.0,0.0,0.0,0.0,0.0,0.0,0.0,0.0,0.0,0.0,0.0,0.0,0.0,0.22777777777777777
Jaden McDaniels,0.0,1.4,2.4,3.4166666666666665,0.0,0.0,0.0,0.0,0.0,0.0,0.0,0.0,0.0,0.0,0.0,0.0,0.0,0.0,0.0,0.0,0.0,0.0,0.0,0.0,7.216666666666667
Jaden Springer,0.0,0.0,0.0,0.0,0.0,0.0,0.0,0.0,0.0,0.0,0.0,0.0,0.0,0.0,0.0,0.0,0.0,0.0,0.0,0.0,0.0,0.0,0.0,0.0,0.0
Jae'Sean Tate,0.0,0.0,0.0,0.0,0.0,0.0,3.8,3.0,0.22777777777777777,0.0,0.0,0.0,0.0,0.0,0.0,0.0,0.0,0.0,0.0,0.0,0.0,0.0,0.0,0.0,7.027777777777778
Jake LaRavia,0.0,0.0,1.1388888888888888,0.0,0.0,0.0,0.0,0.0,0.0,0.0,0.0,0.0,0.0,0.0,0.0,0.0,0.0,0.0,0.0,0.0,0.0,0.0,0.0,0.0,1.1388888888888888
Jakob Poeltl,0.0,0.0,1.6,5.6,5.1,4.0,5.7,6.9,3.872222222222222,0.0,0.0,0.0,0.0,0.0,0.0,0.0,0.0,0.0,0.0,0.0,0.0,0.0,0.0,0.0,32.77222222222222
Jalen Brunson,0.0,0.0,0.0,2.6,2.1,5.1,7.5,8.2,0.0,0.0,0.0,0.0,0.0,0.0,0.0,0.0,0.0,0.0,0.0,0.0,0.0,0.0,0.0,0.0,25.5
Jalen Duren,4.1,0.0,0.0,0.0,0.0,0.0,0.0,0.0,0.0,0.0,0.0,0.0,0.0,0.0,0.0,0.0,0.0,0.0,0.0,0.0,0.0,0.0,0.0,0.0,4.1
Jalen Green,0.7,2.2777777777777777,0.0,0.0,0.0,0.0,0.0,0.0,0.0,0.0,0.0,0.0,0.0,0.0,0.0,0.0,0.0,0.0,0.0,0.0,0.0,0.0,0.0,0.0,2.977777777777778
Jalen Johnson,0.0,0.0,1.3666666666666665,0.0,0.0,0.0,0.0,0.0,0.0,0.0,0.0,0.0,0.0,0.0,0.0,0.0,0.0,0.0,0.0,0.0,0.0,0.0,0.0,0.0,1.3666666666666665
Jalen McDaniels,0.0,0.0,0.0,0.5,1.2,1.7,3.1888888888888887,0.0,0.0,0.0,0.0,0.0,0.0,0.0,0.0,0.0,0.0,0.0,0.0,0.0,0.0,0.0,0.0,0.0,6.588888888888889
Jalen Smith,0.0,0.1,2.8,2.2777777777777777,0.0,0.0,0.0,0.0,0.0,0.0,0.0,0.0,0.0,0.0,0.0,0.0,0.0,0.0,0.0,0.0,0.0,0.0,0.0,0.0,5.177777777777777
Jalen Suggs,0.0,-1.6,0.22777777777777777,0.0,0.0,0.0,0.0,0.0,0.0,0.0,0.0,0.0,0.0,0.0,0.0,0.0,0.0,0.0,0.0,0.0,0.0,0.0,0.0,0.0,-1.3722222222222222
Jalen Williams,0.0,0.0,2.05,0.0,0.0,0.0,0.0,0.0,0.0,0.0,0.0,0.0,0.0,0.0,0.0,0.0,0.0,0.0,0.0,0.0,0.0,0.0,0.0,0.0,2.05
Jamal Cain,0.0,0.0,0.0,0.0,0.6833333333333332,0.0,0.0,0.0,0.0,0.0,0.0,0.0,0.0,0.0,0.0,0.0,0.0,0.0,0.0,0.0,0.0,0.0,0.0,0.0,0.6833333333333332
Jamal Murray,1.3,5.5,5.1,4.3,4.6,0.0,3.1888888888888887,0.0,0.0,0.0,0.0,0.0,0.0,0.0,0.0,0.0,0.0,0.0,0.0,0.0,0.0,0.0,0.0,0.0,23.988888888888887
James Bouknight,0.0,0.0,0.0,-0.6833333333333332,0.0,0.0,0.0,0.0,0.0,0.0,0.0,0.0,0.0,0.0,0.0,0.0,0.0,0.0,0.0,0.0,0.0,0.0,0.0,0.0,-0.6833333333333332
James Harden,0.0,4.5,7.1,9.3,12.8,12.8,16.4,13.3,15.0,15.4,15.2,13.1,7.0,7.6,6.15,0.0,0.0,0.0,0.0,0.0,0.0,0.0,0.0,0.0,155.65
James Johnson,0.0,0.0,0.0,0.8,0.6,2.6,-0.5,3.0,4.1,1.3,5.1,5.0,1.5,1.1,1.2,1.7,0.0,0.0,0.0,0.0,0.0,0.0,0.0,0.0,27.5
James Wiseman,0.7,0.0,1.3666666666666665,0.0,0.0,0.0,0.0,0.0,0.0,0.0,0.0,0.0,0.0,0.0,0.0,0.0,0.0,0.0,0.0,0.0,0.0,0.0,0.0,0.0,2.0666666666666664
Jaren Jackson Jr.,3.3,3.5,0.7,5.4,4.1,0.0,0.0,0.0,0.0,0.0,0.0,0.0,0.0,0.0,0.0,0.0,0.0,0.0,0.0,0.0,0.0,0.0,0.0,0.0,17.0
Jarred Vanderbilt,0.1,0.0,3.1,6.0,5.694444444444445,0.0,0.0,0.0,0.0,0.0,0.0,0.0,0.0,0.0,0.0,0.0,0.0,0.0,0.0,0.0,0.0,0.0,0.0,0.0,14.894444444444444
Jarrett Allen,4.2,7.6,8.2,6.4,8.5,8.655555555555555,0.0,0.0,0.0,0.0,0.0,0.0,0.0,0.0,0.0,0.0,0.0,0.0,0.0,0.0,0.0,0.0,0.0,0.0,43.55555555555556
Jarrett Culver,0.0,-0.1,-0.1,0.1,0.22777777777777777,0.0,0.0,0.0,0.0,0.0,0.0,0.0,0.0,0.0,0.0,0.0,0.0,0.0,0.0,0.0,0.0,0.0,0.0,0.0,0.12777777777777777
Jason Preston,0.0,0.0,0.0,0.0,-0.22777777777777777,0.0,0.0,0.0,0.0,0.0,0.0,0.0,0.0,0.0,0.0,0.0,0.0,0.0,0.0,0.0,0.0,0.0,0.0,0.0,-0.22777777777777777
Javonte Green,0.0,0.0,0.0,0.0,0.0,0.0,0.0,1.1,1.1,4.4,2.5055555555555555,0.0,0.0,0.0,0.0,0.0,0.0,0.0,0.0,0.0,0.0,0.0,0.0,0.0,9.105555555555556
Jaxson Hayes,3.9,3.5,5.1,0.6833333333333332,0.0,0.0,0.0,0.0,0.0,0.0,0.0,0.0,0.0,0.0,0.0,0.0,0.0,0.0,0.0,0.0,0.0,0.0,0.0,0.0,13.183333333333334
Jaylen Brown,0.0,1.5,4.5,3.0,4.9,4.8,5.8,5.694444444444445,0.0,0.0,0.0,0.0,0.0,0.0,0.0,0.0,0.0,0.0,0.0,0.0,0.0,0.0,0.0,0.0,30.194444444444443
Jaylen Nowell,0.0,0.2,0.7,2.8,1.3666666666666665,0.0,0.0,0.0,0.0,0.0,0.0,0.0,0.0,0.0,0.0,0.0,0.0,0.0,0.0,0.0,0.0,0.0,0.0,0.0,5.066666666666666
Jaylin Williams,0.0,0.45555555555555555,0.0,0.0,0.0,0.0,0.0,0.0,0.0,0.0,0.0,0.0,0.0,0.0,0.0,0.0,0.0,0.0,0.0,0.0,0.0,0.0,0.0,0.0,0.45555555555555555
Jayson Tatum,7.1,5.0,6.9,6.5,9.6,11.161111111111111,0.0,0.0,0.0,0.0,0.0,0.0,0.0,0.0,0.0,0.0,0.0,0.0,0.0,0.0,0.0,0.0,0.0,0.0,46.26111111111111
Jeff Dowtin,0.0,0.0,0.0,0.0,0.0,0.0,0.22777777777777777,0.0,0.0,0.0,0.0,0.0,0.0,0.0,0.0,0.0,0.0,0.0,0.0,0.0,0.0,0.0,0.0,0.0,0.22777777777777777
Jeff Green,0.0,0.0,0.2,4.2,6.6,4.8,0.0,4.7,3.3,5.2,3.1,0.7,3.9,3.6,2.1,4.1,3.9,1.5944444444444443,0.0,0.0,0.0,0.0,0.0,0.0,51.99444444444445
Jerami Grant,0.0,0.5,2.1,2.9,5.4,7.3,4.4,3.2,2.3,7.744444444444444,0.0,0.0,0.0,0.0,0.0,0.0,0.0,0.0,0.0,0.0,0.0,0.0,0.0,0.0,35.84444444444445
Jeremiah Robinson-Earl,0.0,0.0,1.5,3.4166666666666665,0.0,0.0,0.0,0.0,0.0,0.0,0.0,0.0,0.0,0.0,0.0,0.0,0.0,0.0,0.0,0.0,0.0,0.0,0.0,0.0,4.916666666666666
Jeremy Sochan,0.0,0.0,0.0,0.0,0.0,0.0,0.0,0.0,0.0,0.0,0.0,0.0,0.0,0.0,0.0,0.0,0.0,0.0,0.0,0.0,0.0,0.0,0.0,0.0,0.0
Jericho Sims,0.0,0.0,0.0,0.0,1.5,3.1888888888888887,0.0,0.0,0.0,0.0,0.0,0.0,0.0,0.0,0.0,0.0,0.0,0.0,0.0,0.0,0.0,0.0,0.0,0.0,4.688888888888888
Jevon Carter,0.0,0.0,0.0,0.0,0.0,1.8,1.6,1.2,3.4166666666666665,0.0,0.0,0.0,0.0,0.0,0.0,0.0,0.0,0.0,0.0,0.0,0.0,0.0,0.0,0.0,8.016666666666667
Jimmy Butler,0.0,0.0,0.0,1.1,7.0,7.1,11.2,9.1,13.8,8.9,7.9,9.0,9.3,9.2,8.655555555555555,0.0,0.0,0.0,0.0,0.0,0.0,0.0,0.0,0.0,102.25555555555555
Jock Landale,0.0,0.0,0.0,0.0,0.0,0.0,0.0,1.5,2.2777777777777777,0.0,0.0,0.0,0.0,0.0,0.0,0.0,0.0,0.0,0.0,0.0,0.0,0.0,0.0,0.0,3.7777777777777777
Joe Harris,0.0,0.0,0.0,0.0,0.2,0.0,0.8,4.0,5.5,4.3,5.2,0.5,2.5055555555555555,0.0,0.0,0.0,0.0,0.0,0.0,0.0,0.0,0.0,0.0,0.0,23.005555555555556
Joe Ingles,0.0,0.0,0.0,0.0,0.0,0.0,0.0,0.0,2.2,2.3,5.0,7.6,6.0,4.8,7.0,2.2,-0.45555555555555555,0.0,0.0,0.0,0.0,0.0,0.0,0.0,36.64444444444445
Joel Embiid,0.0,0.0,0.0,1.9,6.2,8.7,6.0,8.8,12.0,9.794444444444444,0.0,0.0,0.0,0.0,0.0,0.0,0.0,0.0,0.0,0.0,0.0,0.0,0.0,0.0,53.39444444444444
John Butler,0.0,0.0,0.0,0.0,0.0,0.0,0.0,0.0,0.0,0.0,0.0,0.0,0.0,0.0,0.0,0.0,0.0,0.0,0.0,0.0,0.0,0.0,0.0,0.0,0.0
John Collins,0.0,5.4,6.0,4.9,6.7,5.1,3.6444444444444444,0.0,0.0,0.0,0.0,0.0,0.0,0.0,0.0,0.0,0.0,0.0,0.0,0.0,0.0,0.0,0.0,0.0,31.744444444444447
John Konchar,0.0,0.0,0.0,0.0,0.7,1.7,4.2,4.783333333333333,0.0,0.0,0.0,0.0,0.0,0.0,0.0,0.0,0.0,0.0,0.0,0.0,0.0,0.0,0.0,0.0,11.383333333333333
John Wall,0.0,2.2,3.5,4.5,7.9,7.8,5.7,8.8,2.7,1.2,0.0,-0.2,0.0,1.3666666666666665,0.0,0.0,0.0,0.0,0.0,0.0,0.0,0.0,0.0,0.0,45.466666666666676
Johnny Davis,0.0,0.0,0.0,0.0,0.0,0.0,0.0,0.0,0.0,0.0,0.0,0.0,0.0,0.0,0.0,0.0,0.0,0.0,0.0,0.0,0.0,0.0,0.0,0.0,0.0
Jonas Valančiūnas,0.0,3.9,6.7,8.2,6.9,7.9,7.6,4.2,7.0,7.8,7.3,5.9222222222222225,0.0,0.0,0.0,0.0,0.0,0.0,0.0,0.0,0.0,0.0,0.0,0.0,73.42222222222222
Jonathan Kuminga,3.0,0.45555555555555555,0.0,0.0,0.0,0.0,0.0,0.0,0.0,0.0,0.0,0.0,0.0,0.0,0.0,0.0,0.0,0.0,0.0,0.0,0.0,0.0,0.0,0.0,3.4555555555555557
Jordan Clarkson,0.0,0.0,0.0,2.4,2.1,1.2,3.0,1.8,3.4,4.2,3.5,2.9611111111111112,0.0,0.0,0.0,0.0,0.0,0.0,0.0,0.0,0.0,0.0,0.0,0.0,24.561111111111114
Jordan Goodwin,0.0,0.0,0.0,0.0,-0.1,3.1888888888888887,0.0,0.0,0.0,0.0,0.0,0.0,0.0,0.0,0.0,0.0,0.0,0.0,0.0,0.0,0.0,0.0,0.0,0.0,3.0888888888888886
Jordan Hall,0.0,0.0,-0.22777777777777777,0.0,0.0,0.0,0.0,0.0,0.0,0.0,0.0,0.0,0.0,0.0,0.0,0.0,0.0,0.0,0.0,0.0,0.0,0.0,0.0,0.0,-0.22777777777777777
Jordan McLaughlin,0.0,0.0,0.0,0.0,1.6,1.2,2.3,1.3666666666666665,0.0,0.0,0.0,0.0,0.0,0.0,0.0,0.0,0.0,0.0,0.0,0.0,0.0,0.0,0.0,0.0,6.466666666666666
Jordan Nwora,0.0,0.0,0.0,0.4,0.6,0.9111111111111111,0.0,0.0,0.0,0.0,0.0,0.0,0.0,0.0,0.0,0.0,0.0,0.0,0.0,0.0,0.0,0.0,0.0,0.0,1.911111111111111
Jordan Poole,0.0,-1.2,1.9,6.0,1.1388888888888888,0.0,0.0,0.0,0.0,0.0,0.0,0.0,0.0,0.0,0.0,0.0,0.0,0.0,0.0,0.0,0.0,0.0,0.0,0.0,7.838888888888889
Jordan Schakel,0.0,0.0,0.0,0.0,-0.1,0.0,0.0,0.0,0.0,0.0,0.0,0.0,0.0,0.0,0.0,0.0,0.0,0.0,0.0,0.0,0.0,0.0,0.0,0.0,-0.1
Jose Alvarado,0.0,0.0,0.0,0.0,2.1,3.1888888888888887,0.0,0.0,0.0,0.0,0.0,0.0,0.0,0.0,0.0,0.0,0.0,0.0,0.0,0.0,0.0,0.0,0.0,0.0,5.288888888888889
Josh Christopher,0.0,0.3,-0.22777777777777777,0.0,0.0,0.0,0.0,0.0,0.0,0.0,0.0,0.0,0.0,0.0,0.0,0.0,0.0,0.0,0.0,0.0,0.0,0.0,0.0,0.0,0.07222222222222222
Josh Giddey,0.4,1.3666666666666665,0.0,0.0,0.0,0.0,0.0,0.0,0.0,0.0,0.0,0.0,0.0,0.0,0.0,0.0,0.0,0.0,0.0,0.0,0.0,0.0,0.0,0.0,1.7666666666666666
Josh Green,0.0,0.5,2.4,3.6444444444444444,0.0,0.0,0.0,0.0,0.0,0.0,0.0,0.0,0.0,0.0,0.0,0.0,0.0,0.0,0.0,0.0,0.0,0.0,0.0,0.0,6.544444444444444
Josh Hart,0.0,0.0,0.0,3.4,2.1,3.1,2.7,4.4,6.15,0.0,0.0,0.0,0.0,0.0,0.0,0.0,0.0,0.0,0.0,0.0,0.0,0.0,0.0,0.0,21.85
Josh Minott,0.0,0.22777777777777777,0.0,0.0,0.0,0.0,0.0,0.0,0.0,0.0,0.0,0.0,0.0,0.0,0.0,0.0,0.0,0.0,0.0,0.0,0.0,0.0,0.0,0.0,0.22777777777777777
Josh Okogie,0.0,1.2,2.2,1.3,0.7,1.8222222222222222,0.0,0.0,0.0,0.0,0.0,0.0,0.0,0.0,0.0,0.0,0.0,0.0,0.0,0.0,0.0,0.0,0.0,0.0,7.222222222222222
Josh Richardson,0.0,0.0,0.0,2.5,2.2,5.4,5.6,2.1,2.4,3.5,0.22777777777777777,0.0,0.0,0.0,0.0,0.0,0.0,0.0,0.0,0.0,0.0,0.0,0.0,0.0,23.927777777777777
Joshua Primo,0.0,-0.22777777777777777,0.0,0.0,0.0,0.0,0.0,0.0,0.0,0.0,0.0,0.0,0.0,0.0,0.0,0.0,0.0,0.0,0.0,0.0,0.0,0.0,0.0,0.0,-0.22777777777777777
Jrue Holiday,1.2,5.7,4.2,3.3,1.5,3.4,3.4,3.8,7.1,5.4,3.9,6.6,6.9,5.466666666666666,0.0,0.0,0.0,0.0,0.0,0.0,0.0,0.0,0.0,0.0,61.86666666666667
Juan Toscano-Anderson,0.0,0.0,0.0,0.0,0.0,0.0,0.0,0.2,3.0,2.0,-0.22777777777777777,0.0,0.0,0.0,0.0,0.0,0.0,0.0,0.0,0.0,0.0,0.0,0.0,0.0,4.972222222222222
Juancho Hernangómez,0.0,0.0,1.8,0.4,3.0,0.9,1.1,0.9,1.5944444444444443,0.0,0.0,0.0,0.0,0.0,0.0,0.0,0.0,0.0,0.0,0.0,0.0,0.0,0.0,0.0,9.694444444444446
Julian Champagnie,0.0,0.0,0.0,0.0,0.0,0.0,0.0,0.0,0.0,0.0,0.0,0.0,0.0,0.0,0.0,0.0,0.0,0.0,0.0,0.0,0.0,0.0,0.0,0.0,0.0
Julius Randle,0.0,-0.1,1.6,3.5,6.6,6.1,2.7,7.8,3.1,8.655555555555555,0.0,0.0,0.0,0.0,0.0,0.0,0.0,0.0,0.0,0.0,0.0,0.0,0.0,0.0,39.955555555555556
Justin Champagnie,0.0,0.8,0.22777777777777777,0.0,0.0,0.0,0.0,0.0,0.0,0.0,0.0,0.0,0.0,0.0,0.0,0.0,0.0,0.0,0.0,0.0,0.0,0.0,0.0,0.0,1.027777777777778
Justin Holiday,0.0,0.0,0.0,0.0,-0.1,0.0,1.3,0.6,2.5,1.7,2.1,4.2,3.1,1.4,0.22777777777777777,0.0,0.0,0.0,0.0,0.0,0.0,0.0,0.0,0.0,17.02777777777778
Justin Jackson,0.0,0.0,0.0,1.0,2.9,1.2,0.2,0.0,-0.22777777777777777,0.0,0.0,0.0,0.0,0.0,0.0,0.0,0.0,0.0,0.0,0.0,0.0,0.0,0.0,0.0,5.072222222222222
Justise Winslow,2.5,-0.1,2.6,2.8,0.0,-0.7,0.8,1.8222222222222222,0.0,0.0,0.0,0.0,0.0,0.0,0.0,0.0,0.0,0.0,0.0,0.0,0.0,0.0,0.0,0.0,9.722222222222221
Jusuf Nurkić,0.0,1.6,0.4,2.0,4.7,7.8,0.9,2.4,3.6,5.9222222222222225,0.0,0.0,0.0,0.0,0.0,0.0,0.0,0.0,0.0,0.0,0.0,0.0,0.0,0.0,29.322222222222223
KZ Okpala,0.0,0.1,0.1,0.5,0.6833333333333332,0.0,0.0,0.0,0.0,0.0,0.0,0.0,0.0,0.0,0.0,0.0,0.0,0.0,0.0,0.0,0.0,0.0,0.0,0.0,1.3833333333333333
Kai Jones,0.0,0.0,0.0,0.6833333333333332,0.0,0.0,0.0,0.0,0.0,0.0,0.0,0.0,0.0,0.0,0.0,0.0,0.0,0.0,0.0,0.0,0.0,0.0,0.0,0.0,0.6833333333333332
Karl-Anthony Towns,0.0,8.3,12.7,14.0,10.4,5.1,5.4,10.3,4.783333333333333,0.0,0.0,0.0,0.0,0.0,0.0,0.0,0.0,0.0,0.0,0.0,0.0,0.0,0.0,0.0,70.98333333333333
Kawhi Leonard,0.0,5.5,6.2,7.7,8.6,13.7,13.6,0.9,9.5,8.7,8.8,0.0,2.05,0.0,0.0,0.0,0.0,0.0,0.0,0.0,0.0,0.0,0.0,0.0,85.25
Keegan Murray,0.0,0.0,0.0,1.5944444444444443,0.0,0.0,0.0,0.0,0.0,0.0,0.0,0.0,0.0,0.0,0.0,0.0,0.0,0.0,0.0,0.0,0.0,0.0,0.0,0.0,1.5944444444444443
Keita Bates-Diop,0.0,0.0,0.0,0.0,0.3,1.2,0.3,1.6,1.8222222222222222,0.0,0.0,0.0,0.0,0.0,0.0,0.0,0.0,0.0,0.0,0.0,0.0,0.0,0.0,0.0,5.222222222222222
Keldon Johnson,0.0,1.1,3.3,4.9,0.22777777777777777,0.0,0.0,0.0,0.0,0.0,0.0,0.0,0.0,0.0,0.0,0.0,0.0,0.0,0.0,0.0,0.0,0.0,0.0,0.0,9.527777777777779
Kelly Olynyk,0.0,0.0,0.0,2.9,3.6,4.1,4.1,5.5,4.7,3.7,5.1,1.6,5.694444444444445,0.0,0.0,0.0,0.0,0.0,0.0,0.0,0.0,0.0,0.0,0.0,40.99444444444444
Kelly Oubre Jr.,0.0,0.4,2.0,3.7,2.2,3.8,2.2,3.3,2.9611111111111112,0.0,0.0,0.0,0.0,0.0,0.0,0.0,0.0,0.0,0.0,0.0,0.0,0.0,0.0,0.0,20.561111111111114
Kemba Walker,0.0,0.0,0.3,4.8,5.1,4.5,9.9,8.1,8.6,7.4,5.9,3.3,1.8,0.6833333333333332,0.0,0.0,0.0,0.0,0.0,0.0,0.0,0.0,0.0,0.0,60.383333333333326
Kendall Brown,0.22777777777777777,0.0,0.0,0.0,0.0,0.0,0.0,0.0,0.0,0.0,0.0,0.0,0.0,0.0,0.0,0.0,0.0,0.0,0.0,0.0,0.0,0.0,0.0,0.0,0.22777777777777777
Kendrick Nunn,0.0,0.0,0.0,0.0,0.0,2.0,2.9,0.0,-1.8222222222222222,0.0,0.0,0.0,0.0,0.0,0.0,0.0,0.0,0.0,0.0,0.0,0.0,0.0,0.0,0.0,3.0777777777777784
Kennedy Chandler,0.0,0.0,0.0,0.0,0.0,0.0,0.0,0.0,0.0,0.0,0.0,0.0,0.0,0.0,0.0,0.0,0.0,0.0,0.0,0.0,0.0,0.0,0.0,0.0,0.0
Kenneth Lofton Jr.,0.0,0.0,0.0,0.0,0.0,0.0,0.0,0.0,0.0,0.0,0.0,0.0,0.0,0.0,0.0,0.0,0.0,0.0,0.0,0.0,0.0,0.0,0.0,0.0,0.0
Kenrich Williams,0.0,0.0,0.0,0.0,0.0,1.2,0.9,2.8,1.8,3.1888888888888887,0.0,0.0,0.0,0.0,0.0,0.0,0.0,0.0,0.0,0.0,0.0,0.0,0.0,0.0,9.88888888888889
Kentavious Caldwell-Pope,0.0,1.8,2.8,5.3,4.5,5.3,4.0,3.7,4.2,2.8,3.872222222222222,0.0,0.0,0.0,0.0,0.0,0.0,0.0,0.0,0.0,0.0,0.0,0.0,0.0,38.27222222222222
Kenyon Martin Jr.,0.0,2.2,2.9,4.3277777777777775,0.0,0.0,0.0,0.0,0.0,0.0,0.0,0.0,0.0,0.0,0.0,0.0,0.0,0.0,0.0,0.0,0.0,0.0,0.0,0.0,9.427777777777777
Keon Ellis,0.0,0.0,0.0,0.0,0.0,0.0,0.0,0.0,0.0,0.0,0.0,0.0,0.0,0.0,0.0,0.0,0.0,0.0,0.0,0.0,0.0,0.0,0.0,0.0,0.0
Keon Johnson,-0.5,-0.6833333333333332,0.0,0.0,0.0,0.0,0.0,0.0,0.0,0.0,0.0,0.0,0.0,0.0,0.0,0.0,0.0,0.0,0.0,0.0,0.0,0.0,0.0,0.0,-1.1833333333333331
Kessler Edwards,0.0,0.0,0.6,-0.22777777777777777,0.0,0.0,0.0,0.0,0.0,0.0,0.0,0.0,0.0,0.0,0.0,0.0,0.0,0.0,0.0,0.0,0.0,0.0,0.0,0.0,0.37222222222222223
Kevin Durant,2.3,7.9,16.1,12.0,12.2,18.9,19.2,4.8,14.5,12.0,10.4,11.5,0.0,5.0,8.4,12.3,0.0,0.0,0.0,0.0,0.0,0.0,0.0,0.0,167.50000000000003
Kevin Huerter,0.0,1.5,1.6,3.6,2.8,4.3277777777777775,0.0,0.0,0.0,0.0,0.0,0.0,0.0,0.0,0.0,0.0,0.0,0.0,0.0,0.0,0.0,0.0,0.0,0.0,13.827777777777778
Kevin Knox,-1.3,0.2,0.6,0.2,1.1388888888888888,0.0,0.0,0.0,0.0,0.0,0.0,0.0,0.0,0.0,0.0,0.0,0.0,0.0,0.0,0.0,0.0,0.0,0.0,0.0,0.8388888888888888
Kevin Love,0.0,5.3,4.9,11.4,10.0,1.1,14.3,8.7,8.5,6.4,6.4,1.3,3.8,0.9,5.7,3.872222222222222,0.0,0.0,0.0,0.0,0.0,0.0,0.0,0.0,92.57222222222224
Kevin Porter Jr.,0.3,0.0,0.8,2.733333333333333,0.0,0.0,0.0,0.0,0.0,0.0,0.0,0.0,0.0,0.0,0.0,0.0,0.0,0.0,0.0,0.0,0.0,0.0,0.0,0.0,3.833333333333333
Kevon Harris,0.0,0.0,0.0,0.0,0.0,0.0,0.6833333333333332,0.0,0.0,0.0,0.0,0.0,0.0,0.0,0.0,0.0,0.0,0.0,0.0,0.0,0.0,0.0,0.0,0.0,0.6833333333333332
Kevon Looney,0.1,1.4,2.8,6.0,0.0,3.4,6.8,7.516666666666666,0.0,0.0,0.0,0.0,0.0,0.0,0.0,0.0,0.0,0.0,0.0,0.0,0.0,0.0,0.0,0.0,28.016666666666666
Khem Birch,0.0,0.0,0.0,0.0,0.0,0.0,1.8,2.8,2.2,3.8,2.6,0.6833333333333332,0.0,0.0,0.0,0.0,0.0,0.0,0.0,0.0,0.0,0.0,0.0,0.0,13.883333333333333
Khris Middleton,0.0,0.0,0.9,2.7,6.7,6.1,1.6,6.9,6.1,7.9,6.4,5.3,0.22777777777777777,0.0,0.0,0.0,0.0,0.0,0.0,0.0,0.0,0.0,0.0,0.0,50.82777777777777
Killian Hayes,-1.1,0.5,0.22777777777777777,0.0,0.0,0.0,0.0,0.0,0.0,0.0,0.0,0.0,0.0,0.0,0.0,0.0,0.0,0.0,0.0,0.0,0.0,0.0,0.0,0.0,-0.37222222222222234
Kira Lewis Jr.,0.9,-0.1,0.0,0.0,0.0,0.0,0.0,0.0,0.0,0.0,0.0,0.0,0.0,0.0,0.0,0.0,0.0,0.0,0.0,0.0,0.0,0.0,0.0,0.0,0.8
Klay Thompson,0.0,0.0,1.7,4.3,6.7,8.8,8.0,7.1,4.9,5.3,0.0,0.0,1.8,0.6833333333333332,0.0,0.0,0.0,0.0,0.0,0.0,0.0,0.0,0.0,0.0,49.283333333333324
Kristaps Porziņģis,0.0,4.4,4.5,3.2,0.0,5.2,4.3,5.6,6.605555555555555,0.0,0.0,0.0,0.0,0.0,0.0,0.0,0.0,0.0,0.0,0.0,0.0,0.0,0.0,0.0,33.80555555555556
Kyle Anderson,0.0,0.0,0.3,3.5,2.7,6.2,2.7,2.5,5.6,3.5,2.5055555555555555,0.0,0.0,0.0,0.0,0.0,0.0,0.0,0.0,0.0,0.0,0.0,0.0,0.0,29.505555555555556
Kyle Kuzma,0.0,0.0,0.0,3.8,3.1,2.0,3.3,2.0,2.733333333333333,0.0,0.0,0.0,0.0,0.0,0.0,0.0,0.0,0.0,0.0,0.0,0.0,0.0,0.0,0.0,16.933333333333334
Kyle Lowry,0.0,0.5,3.4,3.6,4.3,7.0,4.9,5.6,11.7,7.1,11.6,10.1,10.2,6.6,7.5,4.1,6.4,5.694444444444445,0.0,0.0,0.0,0.0,0.0,0.0,110.29444444444444
Kyrie Irving,4.1,5.3,6.7,10.4,5.0,8.9,8.9,9.1,2.9,7.4,3.3,5.466666666666666,0.0,0.0,0.0,0.0,0.0,0.0,0.0,0.0,0.0,0.0,0.0,0.0,77.46666666666667
LaMelo Ball,2.8,5.8,1.5944444444444443,0.0,0.0,0.0,0.0,0.0,0.0,0.0,0.0,0.0,0.0,0.0,0.0,0.0,0.0,0.0,0.0,0.0,0.0,0.0,0.0,0.0,10.194444444444445
Lamar Stevens,0.0,0.0,0.0,0.0,0.4,1.6,1.3666666666666665,0.0,0.0,0.0,0.0,0.0,0.0,0.0,0.0,0.0,0.0,0.0,0.0,0.0,0.0,0.0,0.0,0.0,3.3666666666666663
Landry Shamet,0.0,0.0,3.6,2.6,1.8,2.6,2.2777777777777777,0.0,0.0,0.0,0.0,0.0,0.0,0.0,0.0,0.0,0.0,0.0,0.0,0.0,0.0,0.0,0.0,0.0,12.877777777777776
Larry Nance Jr.,0.0,0.0,0.0,0.0,2.2,3.5,5.8,4.9,3.9,1.8,2.3,5.9222222222222225,0.0,0.0,0.0,0.0,0.0,0.0,0.0,0.0,0.0,0.0,0.0,0.0,30.322222222222223
Lauri Markkanen,0.0,3.3,2.7,2.6,3.0,5.0,9.794444444444444,0.0,0.0,0.0,0.0,0.0,0.0,0.0,0.0,0.0,0.0,0.0,0.0,0.0,0.0,0.0,0.0,0.0,26.394444444444446
LeBron James,5.1,14.3,16.3,13.7,15.2,20.3,18.5,15.6,14.5,19.3,15.9,10.4,13.6,12.9,14.0,7.2,9.8,5.6,7.5,5.238888888888888,0.0,0.0,0.0,0.0,254.9388888888889
Leandro Bolmaro,0.0,0.0,0.0,-0.6833333333333332,0.0,0.0,0.0,0.0,0.0,0.0,0.0,0.0,0.0,0.0,0.0,0.0,0.0,0.0,0.0,0.0,0.0,0.0,0.0,0.0,-0.6833333333333332
Lindy Waters III,0.0,0.0,0.0,0.0,0.0,0.8,0.45555555555555555,0.0,0.0,0.0,0.0,0.0,0.0,0.0,0.0,0.0,0.0,0.0,0.0,0.0,0.0,0.0,0.0,0.0,1.2555555555555555
Lonnie Walker IV,0.0,0.0,0.3,0.4,1.2,3.1888888888888887,0.0,0.0,0.0,0.0,0.0,0.0,0.0,0.0,0.0,0.0,0.0,0.0,0.0,0.0,0.0,0.0,0.0,0.0,5.088888888888889
Luguentz Dort,0.0,0.8,0.3,1.4,2.2777777777777777,0.0,0.0,0.0,0.0,0.0,0.0,0.0,0.0,0.0,0.0,0.0,0.0,0.0,0.0,0.0,0.0,0.0,0.0,0.0,4.777777777777778
Luka Dončić,4.9,8.8,7.7,7.6,13.43888888888889,0.0,0.0,0.0,0.0,0.0,0.0,0.0,0.0,0.0,0.0,0.0,0.0,0.0,0.0,0.0,0.0,0.0,0.0,0.0,42.43888888888889
Luka Garza,0.0,0.0,0.0,0.0,0.8,0.22777777777777777,0.0,0.0,0.0,0.0,0.0,0.0,0.0,0.0,0.0,0.0,0.0,0.0,0.0,0.0,0.0,0.0,0.0,0.0,1.027777777777778
Luke Kennard,0.0,0.0,2.6,2.5,1.9,2.7,4.5,2.9611111111111112,0.0,0.0,0.0,0.0,0.0,0.0,0.0,0.0,0.0,0.0,0.0,0.0,0.0,0.0,0.0,0.0,17.16111111111111
Luke Kornet,0.0,0.0,0.0,0.5,1.4,1.1,0.7,0.4,3.6444444444444444,0.0,0.0,0.0,0.0,0.0,0.0,0.0,0.0,0.0,0.0,0.0,0.0,0.0,0.0,0.0,7.744444444444445
Malachi Flynn,0.0,0.0,0.0,0.8,1.0,1.3666666666666665,0.0,0.0,0.0,0.0,0.0,0.0,0.0,0.0,0.0,0.0,0.0,0.0,0.0,0.0,0.0,0.0,0.0,0.0,3.1666666666666665
Malaki Branham,0.22777777777777777,0.0,0.0,0.0,0.0,0.0,0.0,0.0,0.0,0.0,0.0,0.0,0.0,0.0,0.0,0.0,0.0,0.0,0.0,0.0,0.0,0.0,0.0,0.0,0.22777777777777777
Malcolm Brogdon,0.0,0.0,0.0,0.0,0.0,4.1,2.7,6.5,4.0,4.2,2.7,4.555555555555555,0.0,0.0,0.0,0.0,0.0,0.0,0.0,0.0,0.0,0.0,0.0,0.0,28.755555555555553
Malcolm Hill,0.0,0.0,0.0,0.0,0.0,0.0,0.0,0.6,0.0,0.0,0.0,0.0,0.0,0.0,0.0,0.0,0.0,0.0,0.0,0.0,0.0,0.0,0.0,0.0,0.6
Malik Beasley,0.0,0.2,0.3,4.5,1.2,1.3,2.9,3.4166666666666665,0.0,0.0,0.0,0.0,0.0,0.0,0.0,0.0,0.0,0.0,0.0,0.0,0.0,0.0,0.0,0.0,13.816666666666666
Malik Monk,0.0,0.3,0.7,1.0,3.6,3.1888888888888887,0.0,0.0,0.0,0.0,0.0,0.0,0.0,0.0,0.0,0.0,0.0,0.0,0.0,0.0,0.0,0.0,0.0,0.0,8.788888888888888
Mamadi Diakite,0.0,0.0,0.0,0.0,0.0,0.3,0.3,0.22777777777777777,0.0,0.0,0.0,0.0,0.0,0.0,0.0,0.0,0.0,0.0,0.0,0.0,0.0,0.0,0.0,0.0,0.8277777777777777
MarJon Beauchamp,0.0,0.0,0.0,0.6833333333333332,0.0,0.0,0.0,0.0,0.0,0.0,0.0,0.0,0.0,0.0,0.0,0.0,0.0,0.0,0.0,0.0,0.0,0.0,0.0,0.0,0.6833333333333332
Marcus Morris,0.0,0.0,0.0,-0.2,1.8,4.2,4.0,5.4,3.9,3.2,4.5,3.6,3.6,2.4,4.3277777777777775,0.0,0.0,0.0,0.0,0.0,0.0,0.0,0.0,0.0,40.727777777777774
Marcus Smart,0.0,2.9,2.9,3.2,1.9,5.3,4.5,3.3,5.6,5.238888888888888,0.0,0.0,0.0,0.0,0.0,0.0,0.0,0.0,0.0,0.0,0.0,0.0,0.0,0.0,34.83888888888889
Mark Williams,0.0,0.0,0.45555555555555555,0.0,0.0,0.0,0.0,0.0,0.0,0.0,0.0,0.0,0.0,0.0,0.0,0.0,0.0,0.0,0.0,0.0,0.0,0.0,0.0,0.0,0.45555555555555555
Markelle Fultz,0.2,0.3,2.7,-0.1,0.4,0.9111111111111111,0.0,0.0,0.0,0.0,0.0,0.0,0.0,0.0,0.0,0.0,0.0,0.0,0.0,0.0,0.0,0.0,0.0,0.0,4.411111111111111
Markieff Morris,0.0,0.0,0.0,1.5,1.7,6.4,4.6,0.5,4.1,3.3,1.6,1.4,1.6,0.3,1.1388888888888888,0.0,0.0,0.0,0.0,0.0,0.0,0.0,0.0,0.0,28.138888888888893
Marko Simonovic,0.0,0.0,0.0,0.0,0.0,0.0,0.0,0.0,0.0,0.0,0.0,0.0,0.0,0.0,0.0,0.0,0.0,0.0,0.0,0.0,0.0,0.0,0.0,0.0,0.0
Marvin Bagley III,3.6,0.4,1.4,2.0,2.5055555555555555,0.0,0.0,0.0,0.0,0.0,0.0,0.0,0.0,0.0,0.0,0.0,0.0,0.0,0.0,0.0,0.0,0.0,0.0,0.0,9.905555555555555
Mason Plumlee,0.0,0.0,0.0,0.0,4.7,4.8,6.1,6.0,3.6,5.8,3.4,5.1,4.7,6.377777777777777,0.0,0.0,0.0,0.0,0.0,0.0,0.0,0.0,0.0,0.0,50.57777777777779
Matisse Thybulle,0.0,0.0,0.0,2.3,2.8,3.7,1.1388888888888888,0.0,0.0,0.0,0.0,0.0,0.0,0.0,0.0,0.0,0.0,0.0,0.0,0.0,0.0,0.0,0.0,0.0,9.93888888888889
Matt Ryan,0.0,0.0,0.0,0.0,0.0,0.0,0.0,0.0,0.0,0.0,0.0,0.0,0.0,0.0,0.0,0.0,0.0,0.0,0.0,0.0,0.0,0.0,0.0,0.0,0.0
Matthew Dellavedova,0.0,0.0,0.0,0.0,2.1,1.9,3.8,1.2,0.5,0.5,0.2,0.0,0.0,0.0,0.0,0.0,0.0,0.0,0.0,0.0,0.0,0.0,0.0,0.0,10.2
Max Christie,0.45555555555555555,0.0,0.0,0.0,0.0,0.0,0.0,0.0,0.0,0.0,0.0,0.0,0.0,0.0,0.0,0.0,0.0,0.0,0.0,0.0,0.0,0.0,0.0,0.0,0.45555555555555555
Max Strus,0.0,0.0,0.0,0.0,0.0,0.9,3.6,2.733333333333333,0.0,0.0,0.0,0.0,0.0,0.0,0.0,0.0,0.0,0.0,0.0,0.0,0.0,0.0,0.0,0.0,7.2333333333333325
Maxi Kleber,0.0,0.0,0.0,0.0,0.0,0.0,0.0,2.8,3.5,4.8,2.9,3.0,2.5055555555555555,0.0,0.0,0.0,0.0,0.0,0.0,0.0,0.0,0.0,0.0,0.0,19.505555555555556
McKinley Wright IV,0.0,0.0,0.0,0.0,0.0,0.0,0.0,0.0,0.0,0.0,0.0,0.0,0.0,0.0,0.0,0.0,0.0,0.0,0.0,0.0,0.0,0.0,0.0,0.0,0.0
Mfiondu Kabengele,0.0,0.0,0.0,0.2,0.2,0.0,0.0,0.0,0.0,0.0,0.0,0.0,0.0,0.0,0.0,0.0,0.0,0.0,0.0,0.0,0.0,0.0,0.0,0.0,0.4
Micah Potter,0.0,0.0,0.0,0.0,0.0,0.22777777777777777,0.0,0.0,0.0,0.0,0.0,0.0,0.0,0.0,0.0,0.0,0.0,0.0,0.0,0.0,0.0,0.0,0.0,0.0,0.22777777777777777
Michael Foster Jr.,0.0,0.0,0.0,0.0,0.0,0.0,0.0,0.0,0.0,0.0,0.0,0.0,0.0,0.0,0.0,0.0,0.0,0.0,0.0,0.0,0.0,0.0,0.0,0.0,0.0
Michael Porter Jr.,0.0,0.0,2.9,6.9,-0.2,2.2777777777777777,0.0,0.0,0.0,0.0,0.0,0.0,0.0,0.0,0.0,0.0,0.0,0.0,0.0,0.0,0.0,0.0,0.0,0.0,11.87777777777778
Mikal Bridges,0.0,0.0,0.0,2.9,4.8,8.0,8.9,6.377777777777777,0.0,0.0,0.0,0.0,0.0,0.0,0.0,0.0,0.0,0.0,0.0,0.0,0.0,0.0,0.0,0.0,30.977777777777778
Mike Conley,0.0,1.1,4.5,4.0,6.6,6.4,9.9,8.2,6.8,5.3,10.0,0.6,8.0,2.5,6.1,6.7,3.6444444444444444,0.0,0.0,0.0,0.0,0.0,0.0,0.0,90.34444444444445
Mike Muscala,0.0,0.0,0.0,0.2,1.9,1.6,3.4,2.4,2.5,1.3,1.3,2.1,1.8222222222222222,0.0,0.0,0.0,0.0,0.0,0.0,0.0,0.0,0.0,0.0,0.0,18.522222222222226
Miles McBride,0.0,0.0,0.2,0.6833333333333332,0.0,0.0,0.0,0.0,0.0,0.0,0.0,0.0,0.0,0.0,0.0,0.0,0.0,0.0,0.0,0.0,0.0,0.0,0.0,0.0,0.8833333333333333
Mitchell Robinson,0.0,6.1,6.8,3.4,8.5,6.833333333333333,0.0,0.0,0.0,0.0,0.0,0.0,0.0,0.0,0.0,0.0,0.0,0.0,0.0,0.0,0.0,0.0,0.0,0.0,31.63333333333333
Mo Bamba,0.0,1.7,2.5,1.8,4.5,3.872222222222222,0.0,0.0,0.0,0.0,0.0,0.0,0.0,0.0,0.0,0.0,0.0,0.0,0.0,0.0,0.0,0.0,0.0,0.0,14.372222222222222
Monte Morris,0.0,0.0,0.0,0.2,6.2,3.8,2.9,5.4,4.1,0.0,0.0,0.0,0.0,0.0,0.0,0.0,0.0,0.0,0.0,0.0,0.0,0.0,0.0,0.0,22.6
Montrezl Harrell,0.0,0.0,0.0,0.9,4.1,5.5,8.7,7.0,7.3,7.3,2.2777777777777777,0.0,0.0,0.0,0.0,0.0,0.0,0.0,0.0,0.0,0.0,0.0,0.0,0.0,43.077777777777776
Moritz Wagner,0.0,0.0,0.2,1.7,1.2,2.8,2.9611111111111112,0.0,0.0,0.0,0.0,0.0,0.0,0.0,0.0,0.0,0.0,0.0,0.0,0.0,0.0,0.0,0.0,0.0,8.86111111111111
Moses Brown,0.0,0.0,2.6,1.2,1.8222222222222222,0.0,0.0,0.0,0.0,0.0,0.0,0.0,0.0,0.0,0.0,0.0,0.0,0.0,0.0,0.0,0.0,0.0,0.0,0.0,5.622222222222222
Moses Moody,1.3,1.1388888888888888,0.0,0.0,0.0,0.0,0.0,0.0,0.0,0.0,0.0,0.0,0.0,0.0,0.0,0.0,0.0,0.0,0.0,0.0,0.0,0.0,0.0,0.0,2.438888888888889
Moussa Diabaté,0.0,0.0,0.6833333333333332,0.0,0.0,0.0,0.0,0.0,0.0,0.0,0.0,0.0,0.0,0.0,0.0,0.0,0.0,0.0,0.0,0.0,0.0,0.0,0.0,0.0,0.6833333333333332
Myles Turner,3.1,8.0,4.7,6.3,4.2,3.3,3.1,5.9222222222222225,0.0,0.0,0.0,0.0,0.0,0.0,0.0,0.0,0.0,0.0,0.0,0.0,0.0,0.0,0.0,0.0,38.62222222222223
Naji Marshall,0.0,0.0,0.0,0.0,0.9,0.8,3.6444444444444444,0.0,0.0,0.0,0.0,0.0,0.0,0.0,0.0,0.0,0.0,0.0,0.0,0.0,0.0,0.0,0.0,0.0,5.344444444444445
Nassir Little,0.6,1.1,1.7,0.9111111111111111,0.0,0.0,0.0,0.0,0.0,0.0,0.0,0.0,0.0,0.0,0.0,0.0,0.0,0.0,0.0,0.0,0.0,0.0,0.0,0.0,4.311111111111112
Nathan Knight,0.0,0.0,0.0,0.0,0.4,1.0,0.45555555555555555,0.0,0.0,0.0,0.0,0.0,0.0,0.0,0.0,0.0,0.0,0.0,0.0,0.0,0.0,0.0,0.0,0.0,1.8555555555555554
Naz Reid,0.0,0.8,3.2,3.2,2.9611111111111112,0.0,0.0,0.0,0.0,0.0,0.0,0.0,0.0,0.0,0.0,0.0,0.0,0.0,0.0,0.0,0.0,0.0,0.0,0.0,10.161111111111111
Neemias Queta,0.0,0.0,0.0,0.1,0.22777777777777777,0.0,0.0,0.0,0.0,0.0,0.0,0.0,0.0,0.0,0.0,0.0,0.0,0.0,0.0,0.0,0.0,0.0,0.0,0.0,0.3277777777777778
Nerlens Noel,0.0,4.0,3.0,4.0,1.3,4.3,4.9,5.2,1.5,0.0,0.0,0.0,0.0,0.0,0.0,0.0,0.0,0.0,0.0,0.0,0.0,0.0,0.0,0.0,28.2
Nic Claxton,0.0,0.5,1.9,3.5,8.2,0.0,0.0,0.0,0.0,0.0,0.0,0.0,0.0,0.0,0.0,0.0,0.0,0.0,0.0,0.0,0.0,0.0,0.0,0.0,14.1
Nick Richards,0.0,0.0,0.0,0.0,0.0,1.0,5.011111111111111,0.0,0.0,0.0,0.0,0.0,0.0,0.0,0.0,0.0,0.0,0.0,0.0,0.0,0.0,0.0,0.0,0.0,6.011111111111111
Nickeil Alexander-Walker,0.0,0.0,-0.2,0.7,0.1,1.5944444444444443,0.0,0.0,0.0,0.0,0.0,0.0,0.0,0.0,0.0,0.0,0.0,0.0,0.0,0.0,0.0,0.0,0.0,0.0,2.194444444444444
Nicolas Batum,0.0,3.7,3.5,6.6,4.8,5.8,7.9,5.2,5.0,4.6,3.5,3.7,0.6,5.0,3.7,4.555555555555555,0.0,0.0,0.0,0.0,0.0,0.0,0.0,0.0,68.15555555555557
Nikola Jokić,0.0,6.7,9.7,10.7,11.8,9.8,15.6,15.2,13.894444444444442,0.0,0.0,0.0,0.0,0.0,0.0,0.0,0.0,0.0,0.0,0.0,0.0,0.0,0.0,0.0,93.39444444444445
Nikola Jović,0.45555555555555555,0.0,0.0,0.0,0.0,0.0,0.0,0.0,0.0,0.0,0.0,0.0,0.0,0.0,0.0,0.0,0.0,0.0,0.0,0.0,0.0,0.0,0.0,0.0,0.45555555555555555
Nikola Vučević,0.0,0.0,1.8,5.7,4.4,7.0,5.2,4.0,3.6,10.1,6.4,6.3,4.5,6.15,0.0,0.0,0.0,0.0,0.0,0.0,0.0,0.0,0.0,0.0,65.14999999999999
Noah Vonleh,0.5,1.2,1.8,1.6,3.2,1.0,-0.1,0.0,0.45555555555555555,0.0,0.0,0.0,0.0,0.0,0.0,0.0,0.0,0.0,0.0,0.0,0.0,0.0,0.0,0.0,9.655555555555557
Norman Powell,0.0,0.0,0.0,1.6,2.8,0.6,2.4,4.6,4.7,2.8,2.2777777777777777,0.0,0.0,0.0,0.0,0.0,0.0,0.0,0.0,0.0,0.0,0.0,0.0,0.0,21.77777777777778
OG Anunoby,0.0,3.0,2.0,5.7,3.1,3.7,4.783333333333333,0.0,0.0,0.0,0.0,0.0,0.0,0.0,0.0,0.0,0.0,0.0,0.0,0.0,0.0,0.0,0.0,0.0,22.28333333333333
Obi Toppin,0.0,0.0,0.0,1.5,3.9,1.5944444444444443,0.0,0.0,0.0,0.0,0.0,0.0,0.0,0.0,0.0,0.0,0.0,0.0,0.0,0.0,0.0,0.0,0.0,0.0,6.9944444444444445
Ochai Agbaji,0.0,0.0,0.0,0.22777777777777777,0.0,0.0,0.0,0.0,0.0,0.0,0.0,0.0,0.0,0.0,0.0,0.0,0.0,0.0,0.0,0.0,0.0,0.0,0.0,0.0,0.22777777777777777
Onyeka Okongwu,0.0,1.9,4.2,5.9222222222222225,0.0,0.0,0.0,0.0,0.0,0.0,0.0,0.0,0.0,0.0,0.0,0.0,0.0,0.0,0.0,0.0,0.0,0.0,0.0,0.0,12.022222222222222
Orlando Robinson,0.0,0.0,0.0,0.9111111111111111,0.0,0.0,0.0,0.0,0.0,0.0,0.0,0.0,0.0,0.0,0.0,0.0,0.0,0.0,0.0,0.0,0.0,0.0,0.0,0.0,0.9111111111111111
Oshae Brissett,0.0,0.0,0.1,1.8,2.2,1.8222222222222222,0.0,0.0,0.0,0.0,0.0,0.0,0.0,0.0,0.0,0.0,0.0,0.0,0.0,0.0,0.0,0.0,0.0,0.0,5.9222222222222225
Otto Porter Jr.,0.0,0.0,2.7,5.6,9.4,8.1,3.2,0.8,1.3,4.9,0.9111111111111111,0.0,0.0,0.0,0.0,0.0,0.0,0.0,0.0,0.0,0.0,0.0,0.0,0.0,36.91111111111112
Ousmane Dieng,0.45555555555555555,0.0,0.0,0.0,0.0,0.0,0.0,0.0,0.0,0.0,0.0,0.0,0.0,0.0,0.0,0.0,0.0,0.0,0.0,0.0,0.0,0.0,0.0,0.0,0.45555555555555555
P.J. Tucker,0.0,0.0,0.1,0.0,0.0,0.0,0.0,0.0,2.9,6.1,4.9,3.5,3.6,3.9,5.0,4.0,1.0,5.0,2.733333333333333,0.0,0.0,0.0,0.0,0.0,42.733333333333334
P.J. Washington,0.0,0.0,2.0,2.7,3.4,2.05,0.0,0.0,0.0,0.0,0.0,0.0,0.0,0.0,0.0,0.0,0.0,0.0,0.0,0.0,0.0,0.0,0.0,0.0,10.149999999999999
Paolo Banchero,0.0,3.6444444444444444,0.0,0.0,0.0,0.0,0.0,0.0,0.0,0.0,0.0,0.0,0.0,0.0,0.0,0.0,0.0,0.0,0.0,0.0,0.0,0.0,0.0,0.0,3.6444444444444444
Pascal Siakam,0.0,0.0,0.0,1.6,4.7,9.3,5.4,4.2,8.1,7.516666666666666,0.0,0.0,0.0,0.0,0.0,0.0,0.0,0.0,0.0,0.0,0.0,0.0,0.0,0.0,40.81666666666666
Pat Connaughton,0.0,0.0,0.0,0.0,-0.2,0.6,2.5,3.9,3.4,3.5,4.4,1.1388888888888888,0.0,0.0,0.0,0.0,0.0,0.0,0.0,0.0,0.0,0.0,0.0,0.0,19.23888888888889
Patrick Baldwin Jr.,0.0,0.22777777777777777,0.0,0.0,0.0,0.0,0.0,0.0,0.0,0.0,0.0,0.0,0.0,0.0,0.0,0.0,0.0,0.0,0.0,0.0,0.0,0.0,0.0,0.0,0.22777777777777777
Patrick Beverley,0.0,0.0,0.0,0.0,0.0,2.2,4.2,3.5,4.4,5.3,0.4,4.8,3.6,2.1,4.1,1.5944444444444443,0.0,0.0,0.0,0.0,0.0,0.0,0.0,0.0,36.19444444444444
Patrick Williams,2.5,0.9,2.05,0.0,0.0,0.0,0.0,0.0,0.0,0.0,0.0,0.0,0.0,0.0,0.0,0.0,0.0,0.0,0.0,0.0,0.0,0.0,0.0,0.0,5.449999999999999
Patty Mills,0.0,0.0,0.0,0.7,0.9,1.5,5.6,1.4,4.8,5.1,4.1,3.5,2.8,2.2,2.8,1.3666666666666665,0.0,0.0,0.0,0.0,0.0,0.0,0.0,0.0,36.766666666666666
Paul George,0.0,2.4,6.0,9.0,10.8,0.0,9.2,7.1,8.9,11.9,4.8,5.3,1.3,5.011111111111111,0.0,0.0,0.0,0.0,0.0,0.0,0.0,0.0,0.0,0.0,81.7111111111111
Paul Reed,0.0,0.0,0.6,1.3,2.05,0.0,0.0,0.0,0.0,0.0,0.0,0.0,0.0,0.0,0.0,0.0,0.0,0.0,0.0,0.0,0.0,0.0,0.0,0.0,3.9499999999999997
Payton Pritchard,0.0,0.0,0.0,0.0,2.5,3.1,0.45555555555555555,0.0,0.0,0.0,0.0,0.0,0.0,0.0,0.0,0.0,0.0,0.0,0.0,0.0,0.0,0.0,0.0,0.0,6.055555555555555
Peyton Watson,0.0,0.0,0.0,0.0,0.0,0.0,0.0,0.0,0.0,0.0,0.0,0.0,0.0,0.0,0.0,0.0,0.0,0.0,0.0,0.0,0.0,0.0,0.0,0.0,0.0
Precious Achiuwa,0.0,0.0,1.3,2.5,0.6833333333333332,0.0,0.0,0.0,0.0,0.0,0.0,0.0,0.0,0.0,0.0,0.0,0.0,0.0,0.0,0.0,0.0,0.0,0.0,0.0,4.483333333333333
Quentin Grimes,0.0,0.0,1.4,2.9611111111111112,0.0,0.0,0.0,0.0,0.0,0.0,0.0,0.0,0.0,0.0,0.0,0.0,0.0,0.0,0.0,0.0,0.0,0.0,0.0,0.0,4.361111111111111
R.J. Hampton,0.4,-0.2,1.3666666666666665,0.0,0.0,0.0,0.0,0.0,0.0,0.0,0.0,0.0,0.0,0.0,0.0,0.0,0.0,0.0,0.0,0.0,0.0,0.0,0.0,0.0,1.5666666666666664
RJ Barrett,-0.5,4.1,2.3,2.9611111111111112,0.0,0.0,0.0,0.0,0.0,0.0,0.0,0.0,0.0,0.0,0.0,0.0,0.0,0.0,0.0,0.0,0.0,0.0,0.0,0.0,8.86111111111111
Raul Neto,0.0,0.0,0.0,0.0,1.8,0.7,0.9,1.1,1.2,2.8,1.5,1.1388888888888888,0.0,0.0,0.0,0.0,0.0,0.0,0.0,0.0,0.0,0.0,0.0,0.0,11.13888888888889
Reggie Bullock,0.0,0.0,0.0,0.2,0.1,1.2,1.0,4.2,3.1,0.5,4.6,3.2,1.8222222222222222,0.0,0.0,0.0,0.0,0.0,0.0,0.0,0.0,0.0,0.0,0.0,19.922222222222224
Reggie Jackson,0.0,0.0,0.1,2.5,4.9,4.9,6.9,1.9,2.0,5.0,1.1,3.7,0.4,1.5944444444444443,0.0,0.0,0.0,0.0,0.0,0.0,0.0,0.0,0.0,0.0,34.99444444444444
Richaun Holmes,0.0,0.0,0.0,1.5,3.8,2.8,4.3,4.9,6.1,3.2,0.6833333333333332,0.0,0.0,0.0,0.0,0.0,0.0,0.0,0.0,0.0,0.0,0.0,0.0,0.0,27.28333333333333
Robert Covington,0.0,0.0,0.0,0.0,0.1,4.0,2.0,3.1,6.1,2.5,3.7,3.7,3.2,1.1388888888888888,0.0,0.0,0.0,0.0,0.0,0.0,0.0,0.0,0.0,0.0,29.538888888888884
Robert Williams,0.0,0.0,1.2,2.0,5.3,9.9,0.6833333333333332,0.0,0.0,0.0,0.0,0.0,0.0,0.0,0.0,0.0,0.0,0.0,0.0,0.0,0.0,0.0,0.0,0.0,19.083333333333332
Robin Lopez,0.0,1.1,3.2,1.5,2.1,5.6,9.5,5.1,5.8,4.3,1.9,2.7,1.5,3.7,0.8,0.9111111111111111,0.0,0.0,0.0,0.0,0.0,0.0,0.0,0.0,49.71111111111111
Rodney McGruder,0.0,0.0,0.0,0.0,0.0,0.0,2.9,0.8,1.9,1.0,0.5,1.2,-0.22777777777777777,0.0,0.0,0.0,0.0,0.0,0.0,0.0,0.0,0.0,0.0,0.0,8.072222222222221
Romeo Langford,0.0,0.2,0.0,1.3,0.6833333333333332,0.0,0.0,0.0,0.0,0.0,0.0,0.0,0.0,0.0,0.0,0.0,0.0,0.0,0.0,0.0,0.0,0.0,0.0,0.0,2.183333333333333
Ron Harper Jr.,0.0,0.0,0.0,0.0,0.0,0.0,0.0,0.0,0.0,0.0,0.0,0.0,0.0,0.0,0.0,0.0,0.0,0.0,0.0,0.0,0.0,0.0,0.0,0.0,0.0
Royce O'Neale,0.0,0.0,0.0,0.0,0.0,2.4,3.3,4.3,5.6,5.5,3.1888888888888887,0.0,0.0,0.0,0.0,0.0,0.0,0.0,0.0,0.0,0.0,0.0,0.0,0.0,24.28888888888889
Rudy Gay,0.0,0.5,5.0,3.3,6.4,5.5,6.0,4.0,4.8,6.1,3.8,1.8,3.1,4.4,2.1,1.7,2.1,-0.22777777777777777,0.0,0.0,0.0,0.0,0.0,0.0,60.37222222222223
Rudy Gobert,0.0,0.0,0.4,9.3,6.4,14.3,8.1,14.4,10.7,11.3,11.7,7.972222222222221,0.0,0.0,0.0,0.0,0.0,0.0,0.0,0.0,0.0,0.0,0.0,0.0,94.57222222222222
Rui Hachimura,0.0,0.0,1.8,2.1,1.4,0.6833333333333332,0.0,0.0,0.0,0.0,0.0,0.0,0.0,0.0,0.0,0.0,0.0,0.0,0.0,0.0,0.0,0.0,0.0,0.0,5.983333333333334
Russell Westbrook,0.0,1.9,6.1,9.4,7.9,11.6,5.2,10.6,14.0,13.1,10.1,6.8,4.2,3.7,1.7,0.45555555555555555,0.0,0.0,0.0,0.0,0.0,0.0,0.0,0.0,106.75555555555555
Ryan Arcidiacono,0.0,0.0,0.0,0.0,0.3,3.7,1.4,0.9,0.1,0.0,0.0,0.0,0.0,0.0,0.0,0.0,0.0,0.0,0.0,0.0,0.0,0.0,0.0,0.0,6.4
Ryan Rollins,0.0,-0.6833333333333332,0.0,0.0,0.0,0.0,0.0,0.0,0.0,0.0,0.0,0.0,0.0,0.0,0.0,0.0,0.0,0.0,0.0,0.0,0.0,0.0,0.0,0.0,-0.6833333333333332
Saben Lee,0.0,0.0,1.5,0.9,0.0,0.0,0.0,0.0,0.0,0.0,0.0,0.0,0.0,0.0,0.0,0.0,0.0,0.0,0.0,0.0,0.0,0.0,0.0,0.0,2.4
Saddiq Bey,0.0,0.0,3.3,4.0,2.2777777777777777,0.0,0.0,0.0,0.0,0.0,0.0,0.0,0.0,0.0,0.0,0.0,0.0,0.0,0.0,0.0,0.0,0.0,0.0,0.0,9.577777777777778
Sam Hauser,0.0,0.0,0.0,0.0,0.0,0.6,3.1888888888888887,0.0,0.0,0.0,0.0,0.0,0.0,0.0,0.0,0.0,0.0,0.0,0.0,0.0,0.0,0.0,0.0,0.0,3.7888888888888888
Sandro Mamukelashvili,0.0,0.0,0.0,1.1,0.22777777777777777,0.0,0.0,0.0,0.0,0.0,0.0,0.0,0.0,0.0,0.0,0.0,0.0,0.0,0.0,0.0,0.0,0.0,0.0,0.0,1.327777777777778
Santi Aldama,0.0,0.0,0.3,5.694444444444445,0.0,0.0,0.0,0.0,0.0,0.0,0.0,0.0,0.0,0.0,0.0,0.0,0.0,0.0,0.0,0.0,0.0,0.0,0.0,0.0,5.9944444444444445
Scottie Barnes,0.0,6.6,2.9611111111111112,0.0,0.0,0.0,0.0,0.0,0.0,0.0,0.0,0.0,0.0,0.0,0.0,0.0,0.0,0.0,0.0,0.0,0.0,0.0,0.0,0.0,9.56111111111111
Scotty Pippen Jr.,0.0,0.0,0.0,0.0,0.0,0.0,0.0,0.0,0.0,0.0,0.0,0.0,0.0,0.0,0.0,0.0,0.0,0.0,0.0,0.0,0.0,0.0,0.0,0.0,0.0
Serge Ibaka,0.0,3.7,7.6,6.2,9.4,9.6,5.6,5.5,5.1,5.1,6.1,3.9,3.0,2.0,0.6833333333333332,0.0,0.0,0.0,0.0,0.0,0.0,0.0,0.0,0.0,73.48333333333335
Seth Curry,0.0,0.0,0.0,0.0,0.0,0.0,1.4,4.6,0.0,2.4,4.3,4.0,4.2,1.5944444444444443,0.0,0.0,0.0,0.0,0.0,0.0,0.0,0.0,0.0,0.0,22.494444444444444
Shaedon Sharpe,1.1388888888888888,0.0,0.0,0.0,0.0,0.0,0.0,0.0,0.0,0.0,0.0,0.0,0.0,0.0,0.0,0.0,0.0,0.0,0.0,0.0,0.0,0.0,0.0,0.0,1.1388888888888888
Shai Gilgeous-Alexander,0.0,3.3,6.1,3.5,4.6,10.705555555555556,0.0,0.0,0.0,0.0,0.0,0.0,0.0,0.0,0.0,0.0,0.0,0.0,0.0,0.0,0.0,0.0,0.0,0.0,28.205555555555556
Shake Milton,0.0,0.0,0.0,0.3,2.1,2.8,1.7,3.6444444444444444,0.0,0.0,0.0,0.0,0.0,0.0,0.0,0.0,0.0,0.0,0.0,0.0,0.0,0.0,0.0,0.0,10.544444444444444
Simone Fontecchio,0.0,0.0,0.0,0.0,0.0,0.0,0.0,0.0,0.22777777777777777,0.0,0.0,0.0,0.0,0.0,0.0,0.0,0.0,0.0,0.0,0.0,0.0,0.0,0.0,0.0,0.22777777777777777
Spencer Dinwiddie,0.0,0.0,0.1,0.1,2.8,5.7,4.8,4.8,0.1,4.1,7.061111111111111,0.0,0.0,0.0,0.0,0.0,0.0,0.0,0.0,0.0,0.0,0.0,0.0,0.0,29.56111111111111
Stanley Johnson,0.6,0.4,1.8,0.5,0.0,1.0,1.8,0.45555555555555555,0.0,0.0,0.0,0.0,0.0,0.0,0.0,0.0,0.0,0.0,0.0,0.0,0.0,0.0,0.0,0.0,6.555555555555555
Stephen Curry,0.0,0.0,4.7,6.6,2.2,11.2,13.4,15.7,17.9,12.6,9.1,9.7,0.3,9.0,8.0,9.338888888888887,0.0,0.0,0.0,0.0,0.0,0.0,0.0,0.0,129.73888888888885
Steven Adams,0.0,2.9,4.1,6.5,6.5,9.7,9.1,6.5,4.0,6.8,4.555555555555555,0.0,0.0,0.0,0.0,0.0,0.0,0.0,0.0,0.0,0.0,0.0,0.0,0.0,60.65555555555555
Svi Mykhailiuk,0.0,0.0,-0.1,1.6,0.3,0.8,0.22777777777777777,0.0,0.0,0.0,0.0,0.0,0.0,0.0,0.0,0.0,0.0,0.0,0.0,0.0,0.0,0.0,0.0,0.0,2.827777777777778
T.J. McConnell,0.0,0.0,0.0,0.0,1.9,3.8,3.8,2.9,3.3,4.8,1.3,1.1388888888888888,0.0,0.0,0.0,0.0,0.0,0.0,0.0,0.0,0.0,0.0,0.0,0.0,22.93888888888889
T.J. Warren,0.0,0.0,1.1,2.2,4.1,3.4,2.1,6.5,0.1,0.0,1.5944444444444443,0.0,0.0,0.0,0.0,0.0,0.0,0.0,0.0,0.0,0.0,0.0,0.0,0.0,21.094444444444445
Taj Gibson,0.0,0.0,0.0,0.0,0.0,4.7,5.2,4.5,3.3,5.7,4.8,5.4,4.0,7.2,5.1,2.6,3.8,2.7,0.6833333333333332,0.0,0.0,0.0,0.0,0.0,59.68333333333334
Talen Horton-Tucker,0.1,2.1,1.1,0.22777777777777777,0.0,0.0,0.0,0.0,0.0,0.0,0.0,0.0,0.0,0.0,0.0,0.0,0.0,0.0,0.0,0.0,0.0,0.0,0.0,0.0,3.527777777777778
Tari Eason,0.0,0.0,3.1888888888888887,0.0,0.0,0.0,0.0,0.0,0.0,0.0,0.0,0.0,0.0,0.0,0.0,0.0,0.0,0.0,0.0,0.0,0.0,0.0,0.0,0.0,3.1888888888888887
Taurean Prince,0.0,0.0,0.0,1.1,2.0,1.5,0.6,1.0,2.2,0.9111111111111111,0.0,0.0,0.0,0.0,0.0,0.0,0.0,0.0,0.0,0.0,0.0,0.0,0.0,0.0,9.31111111111111
Terance Mann,0.0,0.0,0.0,0.0,0.8,3.7,5.5,4.3277777777777775,0.0,0.0,0.0,0.0,0.0,0.0,0.0,0.0,0.0,0.0,0.0,0.0,0.0,0.0,0.0,0.0,14.327777777777778
Terence Davis,0.0,0.0,0.0,3.1,0.8,0.5,1.5944444444444443,0.0,0.0,0.0,0.0,0.0,0.0,0.0,0.0,0.0,0.0,0.0,0.0,0.0,0.0,0.0,0.0,0.0,5.9944444444444445
Terrence Ross,0.0,0.0,0.9,4.2,2.4,3.6,3.5,0.3,4.3,3.0,0.9,0.3,0.22777777777777777,0.0,0.0,0.0,0.0,0.0,0.0,0.0,0.0,0.0,0.0,0.0,23.627777777777776
Terry Rozier,0.0,0.0,-0.3,1.4,5.6,3.2,3.0,5.2,5.9,0.0,0.0,0.0,0.0,0.0,0.0,0.0,0.0,0.0,0.0,0.0,0.0,0.0,0.0,0.0,24.0
Terry Taylor,0.0,0.0,0.0,2.4,0.22777777777777777,0.0,0.0,0.0,0.0,0.0,0.0,0.0,0.0,0.0,0.0,0.0,0.0,0.0,0.0,0.0,0.0,0.0,0.0,0.0,2.6277777777777778
Thaddeus Young,4.5,5.5,2.1,6.2,6.3,7.4,3.5,3.1,4.1,4.6,5.5,6.9,1.9,5.1,2.2,2.9611111111111112,0.0,0.0,0.0,0.0,0.0,0.0,0.0,0.0,71.86111111111111
Thanasis Antetokounmpo,0.0,0.0,0.0,0.0,0.0,0.0,0.0,0.0,0.2,0.7,0.9,0.0,0.0,0.0,0.0,0.0,0.0,0.0,0.0,0.0,0.0,0.0,0.0,0.0,1.7999999999999998
Theo Pinson,0.0,0.0,0.0,0.0,0.0,-0.6,-0.1,0.4,0.0,0.0,0.0,0.0,0.0,0.0,0.0,0.0,0.0,0.0,0.0,0.0,0.0,0.0,0.0,0.0,-0.29999999999999993
Thomas Bryant,0.0,0.1,5.6,3.9,1.0,1.1,3.1888888888888887,0.0,0.0,0.0,0.0,0.0,0.0,0.0,0.0,0.0,0.0,0.0,0.0,0.0,0.0,0.0,0.0,0.0,14.888888888888888
Théo Maledon,-0.8,0.3,1.5944444444444443,0.0,0.0,0.0,0.0,0.0,0.0,0.0,0.0,0.0,0.0,0.0,0.0,0.0,0.0,0.0,0.0,0.0,0.0,0.0,0.0,0.0,1.0944444444444443
Tim Hardaway Jr.,0.0,0.0,3.1,0.8,1.9,4.8,2.6,1.8,4.4,4.3,2.0,2.2777777777777777,0.0,0.0,0.0,0.0,0.0,0.0,0.0,0.0,0.0,0.0,0.0,0.0,27.97777777777778
Tobias Harris,0.9,2.4,4.1,4.8,6.6,6.8,6.7,7.1,6.2,7.1,5.6,6.377777777777777,0.0,0.0,0.0,0.0,0.0,0.0,0.0,0.0,0.0,0.0,0.0,0.0,64.67777777777778
Tony Bradley,0.0,0.0,0.1,3.3,2.7,1.3,0.22777777777777777,0.0,0.0,0.0,0.0,0.0,0.0,0.0,0.0,0.0,0.0,0.0,0.0,0.0,0.0,0.0,0.0,0.0,7.627777777777777
Torrey Craig,0.0,0.0,0.0,0.0,0.0,0.0,0.0,0.0,0.9,3.0,2.0,2.2,2.3,5.011111111111111,0.0,0.0,0.0,0.0,0.0,0.0,0.0,0.0,0.0,0.0,15.411111111111113
Trae Young,0.0,3.3,5.9,7.2,10.0,6.377777777777777,0.0,0.0,0.0,0.0,0.0,0.0,0.0,0.0,0.0,0.0,0.0,0.0,0.0,0.0,0.0,0.0,0.0,0.0,32.77777777777778
Tre Jones,0.0,0.0,0.4,2.9,3.1888888888888887,0.0,0.0,0.0,0.0,0.0,0.0,0.0,0.0,0.0,0.0,0.0,0.0,0.0,0.0,0.0,0.0,0.0,0.0,0.0,6.488888888888889
Tre Mann,0.0,0.1,0.0,0.0,0.0,0.0,0.0,0.0,0.0,0.0,0.0,0.0,0.0,0.0,0.0,0.0,0.0,0.0,0.0,0.0,0.0,0.0,0.0,0.0,0.1
Trendon Watford,0.0,0.0,1.9,2.5055555555555555,0.0,0.0,0.0,0.0,0.0,0.0,0.0,0.0,0.0,0.0,0.0,0.0,0.0,0.0,0.0,0.0,0.0,0.0,0.0,0.0,4.405555555555555
Trent Forrest,0.0,0.0,0.0,0.7,1.3,0.45555555555555555,0.0,0.0,0.0,0.0,0.0,0.0,0.0,0.0,0.0,0.0,0.0,0.0,0.0,0.0,0.0,0.0,0.0,0.0,2.4555555555555557
Trevelin Queen,0.0,0.0,0.0,0.0,0.0,0.1,-0.22777777777777777,0.0,0.0,0.0,0.0,0.0,0.0,0.0,0.0,0.0,0.0,0.0,0.0,0.0,0.0,0.0,0.0,0.0,-0.12777777777777777
Trevor Hudgins,0.0,0.0,0.0,0.0,0.0,0.0,0.0,0.0,0.0,0.0,0.0,0.0,0.0,0.0,0.0,0.0,0.0,0.0,0.0,0.0,0.0,0.0,0.0,0.0,0.0
Trevor Keels,0.0,0.0,0.0,0.0,0.0,0.0,0.0,0.0,0.0,0.0,0.0,0.0,0.0,0.0,0.0,0.0,0.0,0.0,0.0,0.0,0.0,0.0,0.0,0.0,0.0
Trey Lyles,0.0,2.3,0.8,3.9,1.2,2.2,0.6,3.5,0.6833333333333332,0.0,0.0,0.0,0.0,0.0,0.0,0.0,0.0,0.0,0.0,0.0,0.0,0.0,0.0,0.0,15.183333333333332
Trey Murphy III,0.0,0.0,1.9,6.377777777777777,0.0,0.0,0.0,0.0,0.0,0.0,0.0,0.0,0.0,0.0,0.0,0.0,0.0,0.0,0.0,0.0,0.0,0.0,0.0,0.0,8.277777777777777
Troy Brown Jr.,0.6,2.4,0.5,1.4,0.6833333333333332,0.0,0.0,0.0,0.0,0.0,0.0,0.0,0.0,0.0,0.0,0.0,0.0,0.0,0.0,0.0,0.0,0.0,0.0,0.0,5.583333333333334
Ty Jerome,0.0,0.0,0.0,0.0,1.3,0.5,2.05,0.0,0.0,0.0,0.0,0.0,0.0,0.0,0.0,0.0,0.0,0.0,0.0,0.0,0.0,0.0,0.0,0.0,3.8499999999999996
TyTy Washington Jr.,0.0,0.0,0.22777777777777777,0.0,0.0,0.0,0.0,0.0,0.0,0.0,0.0,0.0,0.0,0.0,0.0,0.0,0.0,0.0,0.0,0.0,0.0,0.0,0.0,0.0,0.22777777777777777
Tyler Dorsey,0.0,0.0,0.4,0.6,0.0,0.0,0.0,0.22777777777777777,0.0,0.0,0.0,0.0,0.0,0.0,0.0,0.0,0.0,0.0,0.0,0.0,0.0,0.0,0.0,0.0,1.2277777777777779
Tyler Herro,0.0,1.6,1.7,3.8,4.1,0.0,0.0,0.0,0.0,0.0,0.0,0.0,0.0,0.0,0.0,0.0,0.0,0.0,0.0,0.0,0.0,0.0,0.0,0.0,11.2
Tyrese Haliburton,0.0,3.5,7.0,10.25,0.0,0.0,0.0,0.0,0.0,0.0,0.0,0.0,0.0,0.0,0.0,0.0,0.0,0.0,0.0,0.0,0.0,0.0,0.0,0.0,20.75
Tyrese Martin,0.0,0.0,0.0,0.0,0.0,0.0,0.0,0.0,0.0,0.0,0.0,0.0,0.0,0.0,0.0,0.0,0.0,0.0,0.0,0.0,0.0,0.0,0.0,0.0,0.0
Tyrese Maxey,0.0,1.9,7.3,2.733333333333333,0.0,0.0,0.0,0.0,0.0,0.0,0.0,0.0,0.0,0.0,0.0,0.0,0.0,0.0,0.0,0.0,0.0,0.0,0.0,0.0,11.933333333333332
Tyus Jones,0.3,1.5,3.6,3.0,3.0,2.8,5.1,4.783333333333333,0.0,0.0,0.0,0.0,0.0,0.0,0.0,0.0,0.0,0.0,0.0,0.0,0.0,0.0,0.0,0.0,24.08333333333333
Udoka Azubuike,0.0,0.0,0.1,0.6,0.6833333333333332,0.0,0.0,0.0,0.0,0.0,0.0,0.0,0.0,0.0,0.0,0.0,0.0,0.0,0.0,0.0,0.0,0.0,0.0,0.0,1.3833333333333333
Udonis Haslem,0.0,0.0,0.0,0.0,4.8,9.2,7.0,5.1,2.5,5.7,6.0,0.9,3.5,3.2,1.1,1.4,0.4,0.2,-0.1,-0.1,0.0,0.0,0.1,-0.22777777777777777,50.67222222222223
Usman Garuba,0.5,2.5055555555555555,0.0,0.0,0.0,0.0,0.0,0.0,0.0,0.0,0.0,0.0,0.0,0.0,0.0,0.0,0.0,0.0,0.0,0.0,0.0,0.0,0.0,0.0,3.0055555555555555
Vernon Carey Jr.,0.2,0.1,-0.22777777777777777,0.0,0.0,0.0,0.0,0.0,0.0,0.0,0.0,0.0,0.0,0.0,0.0,0.0,0.0,0.0,0.0,0.0,0.0,0.0,0.0,0.0,0.07222222222222227
Victor Oladipo,0.0,0.0,1.3,3.5,4.9,4.0,8.2,2.3,0.0,0.4,0.4,0.45555555555555555,0.0,0.0,0.0,0.0,0.0,0.0,0.0,0.0,0.0,0.0,0.0,0.0,25.455555555555552
Vince Williams Jr.,0.0,0.0,0.0,0.0,0.0,0.0,0.0,0.0,0.0,0.0,0.0,0.0,0.0,0.0,0.0,0.0,0.0,0.0,0.0,0.0,0.0,0.0,0.0,0.0,0.0
Vit Krejci,0.0,0.0,0.6,0.22777777777777777,0.0,0.0,0.0,0.0,0.0,0.0,0.0,0.0,0.0,0.0,0.0,0.0,0.0,0.0,0.0,0.0,0.0,0.0,0.0,0.0,0.8277777777777777
Vlatko Čančar,0.0,0.0,0.0,0.1,0.3,0.4,0.6833333333333332,0.0,0.0,0.0,0.0,0.0,0.0,0.0,0.0,0.0,0.0,0.0,0.0,0.0,0.0,0.0,0.0,0.0,1.4833333333333334
Walker Kessler,0.0,0.0,5.694444444444445,0.0,0.0,0.0,0.0,0.0,0.0,0.0,0.0,0.0,0.0,0.0,0.0,0.0,0.0,0.0,0.0,0.0,0.0,0.0,0.0,0.0,5.694444444444445
Wendell Carter Jr.,1.9,3.3,3.4,5.0,2.9611111111111112,0.0,0.0,0.0,0.0,0.0,0.0,0.0,0.0,0.0,0.0,0.0,0.0,0.0,0.0,0.0,0.0,0.0,0.0,0.0,16.56111111111111
Wendell Moore Jr.,0.0,0.0,0.0,0.0,0.0,0.0,0.0,0.0,0.0,0.0,0.0,0.0,0.0,0.0,0.0,0.0,0.0,0.0,0.0,0.0,0.0,0.0,0.0,0.0,0.0
Wenyen Gabriel,0.0,0.0,0.0,0.2,0.3,0.7,2.05,0.0,0.0,0.0,0.0,0.0,0.0,0.0,0.0,0.0,0.0,0.0,0.0,0.0,0.0,0.0,0.0,0.0,3.25
Wesley Matthews,0.0,0.0,0.0,0.0,4.6,7.2,4.8,4.7,8.2,6.2,3.7,3.1,2.6,2.7,3.2,1.7,1.2,1.1388888888888888,0.0,0.0,0.0,0.0,0.0,0.0,55.038888888888906
Will Barton,0.0,0.0,0.0,-0.5,0.6,1.3,4.3,3.3,6.2,1.2,4.2,2.2,3.2,0.22777777777777777,0.0,0.0,0.0,0.0,0.0,0.0,0.0,0.0,0.0,0.0,26.227777777777774
Willy Hernangómez,0.0,0.0,0.0,3.4,1.8,2.6,0.8,2.9,3.2,1.1388888888888888,0.0,0.0,0.0,0.0,0.0,0.0,0.0,0.0,0.0,0.0,0.0,0.0,0.0,0.0,15.838888888888892
Xavier Tillman Sr.,0.0,0.0,0.0,2.9,1.8,1.1388888888888888,0.0,0.0,0.0,0.0,0.0,0.0,0.0,0.0,0.0,0.0,0.0,0.0,0.0,0.0,0.0,0.0,0.0,0.0,5.838888888888889
Yuta Watanabe,0.0,0.0,0.0,0.0,0.0,-0.2,0.1,1.5,0.7,3.1888888888888887,0.0,0.0,0.0,0.0,0.0,0.0,0.0,0.0,0.0,0.0,0.0,0.0,0.0,0.0,5.288888888888888
Zach Collins,0.0,0.6,2.9,0.3,0.0,1.2,1.1388888888888888,0.0,0.0,0.0,0.0,0.0,0.0,0.0,0.0,0.0,0.0,0.0,0.0,0.0,0.0,0.0,0.0,0.0,6.138888888888889
Zach LaVine,-0.7,2.6,3.0,0.3,2.8,4.0,5.9,5.8,3.4166666666666665,0.0,0.0,0.0,0.0,0.0,0.0,0.0,0.0,0.0,0.0,0.0,0.0,0.0,0.0,0.0,27.116666666666667
Zeke Nnaji,0.0,0.9,1.8,0.9111111111111111,0.0,0.0,0.0,0.0,0.0,0.0,0.0,0.0,0.0,0.0,0.0,0.0,0.0,0.0,0.0,0.0,0.0,0.0,0.0,0.0,3.611111111111111
Ziaire Williams,0.0,2.2,-0.45555555555555555,0.0,0.0,0.0,0.0,0.0,0.0,0.0,0.0,0.0,0.0,0.0,0.0,0.0,0.0,0.0,0.0,0.0,0.0,0.0,0.0,0.0,1.7444444444444447
Zion Williamson,2.0,8.7,0.0,8.2,0.0,0.0,0.0,0.0,0.0,0.0,0.0,0.0,0.0,0.0,0.0,0.0,0.0,0.0,0.0,0.0,0.0,0.0,0.0,0.0,18.9
